"Id","Name","MemoryMB","NumCpu","VMApp"
"VirtualMachine-vm-5902","DNFSRBV001","4096","2",
"VirtualMachine-vm-16702","OAPPIEV001","1024","2",
"VirtualMachine-vm-19844","OTSTW7V006","1024","2",
"VirtualMachine-vm-19845","OTSTW7V007","1024","2",
"VirtualMachine-vm-27739","OW2K12V007","0","0",
"VirtualMachine-vm-19843","OTSTW7V005","4096","2",
"VirtualMachine-vm-22678","ASDV9031","8192","4",
"VirtualMachine-vm-19846","OTSTW7V008","1024","2",
"VirtualMachine-vm-19847","OTSTW7V009","1024","2",
"VirtualMachine-vm-7822","dapplcv003","2048","4",
"VirtualMachine-vm-10459","TMPTSTV001","1024","2",
"VirtualMachine-vm-10157","TMGRPDV002","2048","2",
"VirtualMachine-vm-10158","TMGRPDV003","2048","2",
"VirtualMachine-vm-10156","TMGRPDV001","2048","2",
"VirtualMachine-vm-5234","TestWin8Sysprep","4096","1",
"VirtualMachine-vm-3842","Template_Enteo_W2K8R2","4096","2",
"VirtualMachine-vm-6342","Template_W2k8R2_Prod_SalesForce","1024","2",
"VirtualMachine-vm-4490","Template_Master_Web_Farm_Laender","16384","4",
"VirtualMachine-vm-20315","LAPPISV002ex3_nicht_l?schen","32768","8",
"VirtualMachine-vm-3984","Template_Master_Web_Farm","16384","4",
"VirtualMachine-vm-5008","CAPPBTV001","2048","2",
"VirtualMachine-vm-2393","CORAMPV002","9216","2",
"VirtualMachine-vm-6741","CMYQNSV001","4096","2",
"VirtualMachine-vm-2365","CORADLV001","8192","2",
"VirtualMachine-vm-2803","CORAMPV001","8192","2",
"VirtualMachine-vm-4646","CORASRV001","2048","1",
"VirtualMachine-vm-5831","CELAVMV001","20480","2",
"VirtualMachine-vm-8168","TPUPDBV101","8192","2",
"VirtualMachine-vm-8166","TPUPPMV101","8192","2",
"VirtualMachine-vm-677","CORATSV001","8192","2",
"VirtualMachine-vm-4955","CWEBROV001","16384","4",
"VirtualMachine-vm-5017","CWEBSEV001","16384","4",
"VirtualMachine-vm-2015","CWEBADV001","8192","2",
"VirtualMachine-vm-5029","CAPPDLV002","8192","2",
"VirtualMachine-vm-4950","CWEBBEV001","16384","4",
"VirtualMachine-vm-2146","CCDNSCV001","4096","2",
"VirtualMachine-vm-1956","CWEBFAV001","8192","2",
"VirtualMachine-vm-1907","CWEBACV001","8192","2",
"VirtualMachine-vm-2136","CWEBDEV001","8192","2",
"VirtualMachine-vm-5774","CWEBATV001","16384","4",
"VirtualMachine-vm-5047","CFTPMV001","1024","1",
"VirtualMachine-vm-4952","CWEBLUV001","16384","4",
"VirtualMachine-vm-1904","CWEBITV001","8192","2",
"VirtualMachine-vm-4953","CWEBNLV001","16384","4",
"VirtualMachine-vm-2117","CWEBESV001","8192","2",
"VirtualMachine-vm-5030","CAPPDLV003","8192","4",
"VirtualMachine-vm-4869","CAPPJOV003","8192","2",
"VirtualMachine-vm-4836","CAPPJOV004","8192","2",
"VirtualMachine-vm-5989","CAPPMSV001","16384","8",
"VirtualMachine-vm-2201","CTEROPV001","8192","4",
"VirtualMachine-vm-1962","CWEBAPR001","2048","1",
"VirtualMachine-vm-5778","CWEBBGV001","16384","4",
"VirtualMachine-vm-2154","CWEBFRV001","8192","2",
"VirtualMachine-vm-2194","CADMADV001","4096","2",
"VirtualMachine-vm-2080","CAPPDLV001","4096","2",
"VirtualMachine-vm-2053","CWEBLDV001","8192","2",
"VirtualMachine-vm-2033","CAPPJOV001","8192","2",
"VirtualMachine-vm-2137","CWEBTSV001","2048","1",
"VirtualMachine-vm-2014","CWEBWSV001","16384","2",
"VirtualMachine-vm-5031","CAPPDLV004","8192","2",
"VirtualMachine-vm-2057","CWEBABV001","8192","2",
"VirtualMachine-vm-2200","CWEBVCV001","8192","2",
"VirtualMachine-vm-2050","CWEBRWV001","8192","2",
"VirtualMachine-vm-4829","CAPPJOV002","8192","2",
"VirtualMachine-vm-18191","CSQLSSV001","16384","2",
"VirtualMachine-vm-2103","CWEBPIV001","8192","2",
"VirtualMachine-vm-4954","CWEBPLV001","16384","4",
"VirtualMachine-vm-8106","vmdimi","8192","4",
"VirtualMachine-vm-5009","DAPPBTV001","2048","2",
"VirtualMachine-vm-5280","DAPPCVV001","3072","1",
"VirtualMachine-vm-4687","DAPPLCV001","2048","4",
"VirtualMachine-vm-8022","DORAJOV001","9216","4",
"VirtualMachine-vm-1853","DSVNCGV002","2048","2",
"VirtualMachine-vm-3041","DCHECKV001","1024","1",
"VirtualMachine-vm-24413","DNETLBV003","4096","2",
"VirtualMachine-vm-525","doraadv001","2048","2",
"VirtualMachine-vm-5231","DAPPBSV002","2048","2",
"VirtualMachine-vm-6443","DAPPISV002","2048","2",
"VirtualMachine-vm-2828","DORAMPV003","8192","2",
"VirtualMachine-vm-2920","DORATAV001","16384","2",
"VirtualMachine-vm-679","DORATSV001","8192","2",
"VirtualMachine-vm-694","DAPPXGV004","3072","2",
"VirtualMachine-vm-13368","DMYQTCV001","16384","4",
"VirtualMachine-vm-2400","DORAMPV002","8192","2",
"VirtualMachine-vm-5472","DAPPGHV001","16384","2",
"VirtualMachine-vm-7722","DELAVMV001","12288","2",
"VirtualMachine-vm-1793","DMIGISV001","12288","2",
"VirtualMachine-vm-5944","DORAMDV001","8192","2",
"VirtualMachine-vm-4547","DREPISV001","12288","4",
"VirtualMachine-vm-18504","DAPPCOV001","4096","2",
"VirtualMachine-vm-1843","DAPPDSR001","384","1",
"VirtualMachine-vm-5701","DAPPGHV002","8192","2",
"VirtualMachine-vm-823","DAPPRMV001","1024","1",
"VirtualMachine-vm-3607","DAPPVMR022","2048","1",
"VirtualMachine-vm-1852","DSVNCGV001","2048","1",
"VirtualMachine-vm-2414","DAPPMBV001","2048","2",
"VirtualMachine-vm-3017","QAPPISV001","32768","2",
"VirtualMachine-vm-734","DAPPRPV002","2048","1",
"VirtualMachine-vm-2366","DORADLV001","8192","2",
"VirtualMachine-vm-4605","DPSQISV001","16384","8",
"VirtualMachine-vm-3598","dnetlbv001neu","4096","2",
"VirtualMachine-vm-3784","dnetlbv004","4096","2",
"VirtualMachine-vm-4682","DNETLBV005","4096","2",
"VirtualMachine-vm-4683","OAPPDFWV001","4096","2",
"VirtualMachine-vm-1358","DAPPQAV043","3072","2",
"VirtualMachine-vm-1270","DAPPQAV075","3072","2",
"VirtualMachine-vm-1340","DAPPQAV128","3072","2",
"VirtualMachine-vm-1339","DAPPQAV004","3072","2",
"VirtualMachine-vm-1398","DAPPQAV092","3072","2",
"VirtualMachine-vm-1067","DAPPQAV066","3072","2",
"VirtualMachine-vm-1412","DAPPQAV085","3072","2",
"VirtualMachine-vm-2580","vm1aruscic","4096","2",
"VirtualMachine-vm-2450","vmbristanovic","4096","2",
"VirtualMachine-vm-1442","DAPPQAV045","3072","2",
"VirtualMachine-vm-2513","vmmprgomet","4096","2",
"VirtualMachine-vm-1384","DAPPQAV188","3072","2",
"VirtualMachine-vm-4739","DAPPQAV201","3072","2",
"VirtualMachine-vm-1406","DAPPQAV126","3072","2",
"VirtualMachine-vm-1309","DAPPQAV098","3072","2",
"VirtualMachine-vm-1286","DAPPQAV034","3072","2",
"VirtualMachine-vm-1331","DAPPQAV140","3072","2",
"VirtualMachine-vm-1284","DAPPQAV021","3072","2",
"VirtualMachine-vm-2488","VMZLIN","8192","4",
"VirtualMachine-vm-1154","DAPPQAV139","3072","2",
"VirtualMachine-vm-1265","DAPPQAV108","3072","2",
"VirtualMachine-vm-2589","vm1mpuljic","8192","2",
"VirtualMachine-vm-1350","DAPPQAV018","3072","2",
"VirtualMachine-vm-1436","DAPPQAV165","3072","2",
"VirtualMachine-vm-1365","DAPPQAV113","3072","2",
"VirtualMachine-vm-1377","DAPPQAV182","3072","2",
"VirtualMachine-vm-2525","vm1irubic","8192","2",
"VirtualMachine-vm-1314","DAPPQAV172","3072","2",
"VirtualMachine-vm-1353","DAPPQAV027","3072","2",
"VirtualMachine-vm-1438","DAPPQAV190","3072","2",
"VirtualMachine-vm-1411","DAPPQAV133","3072","2",
"VirtualMachine-vm-2445","vmmdjurdjevic","8192","2",
"VirtualMachine-vm-1346","DAPPQAV089","3072","2",
"VirtualMachine-vm-1349","DAPPQAV151","3072","2",
"VirtualMachine-vm-2574","vmtciric","8192","2",
"VirtualMachine-vm-1418","DAPPQAV016","3072","2",
"VirtualMachine-vm-1961","devdc2","512","1",
"VirtualMachine-vm-1178","DAPPQAV070","3072","2",
"VirtualMachine-vm-2466","vmenduser","2000","1",
"VirtualMachine-vm-1283","DAPPQAV009","3072","2",
"VirtualMachine-vm-1347","DAPPQAV095","3072","2",
"VirtualMachine-vm-1187","DAPPQAV174","3072","2",
"VirtualMachine-vm-1439","DAPPQAV038","3072","2",
"VirtualMachine-vm-4731","DAPPQAV196","3072","2",
"VirtualMachine-vm-1427","DAPPQAV055","3072","2",
"VirtualMachine-vm-1301","DAPPQAV105","3072","2",
"VirtualMachine-vm-5166","DAPPQAV211","4096","1",
"VirtualMachine-vm-2427","vmikrizmanic","4096","2",
"VirtualMachine-vm-1312","DAPPQAV042","3072","2",
"VirtualMachine-vm-1141","DAPPQAV129","3072","2",
"VirtualMachine-vm-1407","DAPPQAV003","3072","2",
"VirtualMachine-vm-1417","DAPPQAV093","3072","2",
"VirtualMachine-vm-1380","DAPPQAV061","3072","2",
"VirtualMachine-vm-1332","DAPPQAV084","3072","2",
"VirtualMachine-vm-1310","DAPPQAV160","3072","2",
"VirtualMachine-vm-1292","DAPPQAV044","3072","2",
"VirtualMachine-vm-2461","vmmbanovic","4096","2",
"VirtualMachine-vm-1336","DAPPQAV189","3072","2",
"VirtualMachine-vm-4737","DAPPQAV200","3072","2",
"VirtualMachine-vm-1410","DAPPQAV127","3072","2",
"VirtualMachine-vm-1403","DAPPQAV099","3072","2",
"VirtualMachine-vm-1311","DAPPQAV035","3072","2",
"VirtualMachine-vm-1414","DAPPQAV141","3072","2",
"VirtualMachine-vm-1281","DAPPQAV020","3072","2",
"VirtualMachine-vm-1343","DAPPQAV138","3072","2",
"VirtualMachine-vm-1383","DAPPQAV109","3072","2",
"VirtualMachine-vm-1110","DAPPQAV019","3072","2",
"VirtualMachine-vm-5457","vm1mbobanac","4096","2",
"VirtualMachine-vm-1313","DAPPQAV166","3072","2",
"VirtualMachine-vm-1320","DAPPQAV112","3072","2",
"VirtualMachine-vm-1298","DAPPQAV183","3072","2",
"VirtualMachine-vm-2498","vm1tbrkljaca","8192","2",
"VirtualMachine-vm-4608","ASDV9006","8192","2",
"VirtualMachine-vm-1357","DAPPQAV171","3072","2",
"VirtualMachine-vm-1432","DAPPQAV026","3072","2",
"VirtualMachine-vm-4726","DAPPQAV193","3072","2",
"VirtualMachine-vm-1315","DAPPQAV050","3072","2",
"VirtualMachine-vm-1408","DAPPQAV132","3072","2",
"VirtualMachine-vm-1285","DAPPQAV088","3072","2",
"VirtualMachine-vm-1289","DAPPQAV150","3072","2",
"VirtualMachine-vm-1399","DAPPQAV017","3072","2",
"VirtualMachine-vm-1266","DAPPQAV071","3072","2",
"VirtualMachine-vm-1303","DAPPQAV008","3072","2",
"VirtualMachine-vm-1419","DAPPQAV096","3072","2",
"VirtualMachine-vm-1279","DAPPQAV039","3072","2",
"VirtualMachine-vm-4735","DAPPQAV199","3072","2",
"VirtualMachine-vm-1364","DAPPQAV056","3072","2",
"VirtualMachine-vm-1375","DAPPQAV102","3072","2",
"VirtualMachine-vm-1372","DAPPQAV041","3072","2",
"VirtualMachine-vm-4538","vm1tsalvesani","16384","4",
"VirtualMachine-vm-1267","DAPPQAV119","3072","2",
"VirtualMachine-vm-4743","DAPPQAV205","3072","2",
"VirtualMachine-vm-1271","DAPPQAV002","3072","2",
"VirtualMachine-vm-1379","DAPPQAV060","3072","2",
"VirtualMachine-vm-2617","vm1lscheidegger","16384","2",
"VirtualMachine-vm-1393","DAPPQAV083","3072","2",
"VirtualMachine-vm-1447","DAPPQAV161","3072","2",
"VirtualMachine-vm-2559","vmmasusnjar","4096","2",
"VirtualMachine-vm-1302","DAPPQAV186","3072","2",
"VirtualMachine-vm-4741","DAPPQAV203","3072","2",
"VirtualMachine-vm-1330","DAPPQAV120","3072","2",
"VirtualMachine-vm-1404","DAPPQAV032","3072","2",
"VirtualMachine-vm-1348","DAPPQAV146","3072","2",
"VirtualMachine-vm-1422","DAPPQAV023","3072","2",
"VirtualMachine-vm-1304","DAPPQAV137","3072","2",
"VirtualMachine-vm-10059","ASDV9021","8192","2",
"VirtualMachine-vm-1352","DAPPQAV155","3072","2",
"VirtualMachine-vm-5560","VMBMEDER","4096","2",
"VirtualMachine-vm-1374","DAPPQAV167","3072","2",
"VirtualMachine-vm-1437","DAPPQAV115","3072","2",
"VirtualMachine-vm-1434","DAPPQAV180","3072","2",
"VirtualMachine-vm-2484","vmcdeger","4096","2",
"VirtualMachine-vm-1356","DAPPQAV170","3072","2",
"VirtualMachine-vm-4722","DAPPQAV192","3072","2",
"VirtualMachine-vm-1295","DAPPQAV051","3072","2",
"VirtualMachine-vm-1325","DAPPQAV131","3072","2",
"VirtualMachine-vm-1401","DAPPQAV153","3072","2",
"VirtualMachine-vm-1341","DAPPQAV010","3072","2",
"VirtualMachine-vm-1338","DAPPQAV076","3072","2",
"VirtualMachine-vm-1413","DAPPQAV007","3072","2",
"VirtualMachine-vm-1290","DAPPQAV097","3072","2",
"VirtualMachine-vm-1440","DAPPQAV065","3072","2",
"VirtualMachine-vm-4733","DAPPQAV198","3072","2",
"VirtualMachine-vm-1428","DAPPQAV057","3072","2",
"VirtualMachine-vm-2564","vm1cschmitter","4096","2",
"VirtualMachine-vm-1430","DAPPQAV103","3072","2",
"VirtualMachine-vm-1354","DAPPQAV040","3072","2",
"VirtualMachine-vm-1368","DAPPQAV118","3072","2",
"VirtualMachine-vm-4742","DAPPQAV204","3072","2",
"VirtualMachine-vm-2562","vm1mbatovanja","8192","2",
"VirtualMachine-vm-1326","DAPPQAV001","3072","2",
"VirtualMachine-vm-5562","VMFFAESECKE","8192","2",
"VirtualMachine-vm-1327","DAPPQAV063","3072","2",
"VirtualMachine-vm-2503","vmazecevic","4096","2",
"VirtualMachine-vm-1409","DAPPQAV082","3072","2",
"VirtualMachine-vm-2565","vmctoutou","4096","2",
"VirtualMachine-vm-5611","VM1ZMUNISI","4096","2",
"VirtualMachine-vm-1420","DAPPQAV162","3072","2",
"VirtualMachine-vm-1446","DAPPQAV187","3072","2",
"VirtualMachine-vm-4740","DAPPQAV202","3072","2",
"VirtualMachine-vm-1329","DAPPQAV121","3072","2",
"VirtualMachine-vm-1425","DAPPQAV033","3072","2",
"VirtualMachine-vm-1307","DAPPQAV147","3072","2",
"VirtualMachine-vm-1400","DAPPQAV022","3072","2",
"VirtualMachine-vm-1272","DAPPQAV136","3072","2",
"VirtualMachine-vm-2485","vmmvuletic","4096","2",
"VirtualMachine-vm-2605","vmbiteam","4096","2",
"VirtualMachine-vm-1424","DAPPQAV154","3072","2",
"VirtualMachine-vm-1294","DAPPQAV168","3072","2",
"VirtualMachine-vm-1334","DAPPQAV114","3072","2",
"VirtualMachine-vm-1297","DAPPQAV181","3072","2",
"VirtualMachine-vm-2595","vmngunn2","4096","2",
"VirtualMachine-vm-1296","DAPPQAV177","3072","2",
"VirtualMachine-vm-4730","DAPPQAV195","3072","2",
"VirtualMachine-vm-1361","DAPPQAV052","3072","2",
"VirtualMachine-vm-1389","DAPPQAV130","3072","2",
"VirtualMachine-vm-2519","vmaperkovic","8192","2",
"VirtualMachine-vm-4878","VMJMUELLER","4096","2",
"VirtualMachine-vm-1363","DAPPQAV106","3072","2",
"VirtualMachine-vm-5167","DAPPQAV212","4096","2",
"VirtualMachine-vm-1423","DAPPQAV152","3072","2",
"VirtualMachine-vm-5189","VMCSCHMITTER","4096","2",
"VirtualMachine-vm-1322","DAPPQAV011","3072","2",
"VirtualMachine-vm-1273","DAPPQAV077","3072","2",
"VirtualMachine-vm-4746","DAPPQAV209","3072","2",
"VirtualMachine-vm-1394","DAPPQAV006","3072","2",
"VirtualMachine-vm-1396","DAPPQAV090","3072","2",
"VirtualMachine-vm-1441","DAPPQAV179","3072","2",
"VirtualMachine-vm-1177","DAPPQAV064","3072","2",
"VirtualMachine-vm-1287","DAPPQAV148","3072","2",
"VirtualMachine-vm-1114","DAPPQAV029","3072","2",
"VirtualMachine-vm-1366","DAPPQAV058","3072","2",
"VirtualMachine-vm-1397","DAPPQAV087","3072","2",
"VirtualMachine-vm-1168","DAPPQAV100","3072","2",
"VirtualMachine-vm-5171","DAPPQAV214","4096","1",
"VirtualMachine-vm-1317","DAPPQAV047","3072","2",
"VirtualMachine-vm-4745","DAPPQAV207","3072","2",
"VirtualMachine-vm-1387","DAPPQAV124","3072","2",
"VirtualMachine-vm-1293","DAPPQAV036","3072","2",
"VirtualMachine-vm-1431","DAPPQAV062","3072","2",
"VirtualMachine-vm-1288","DAPPQAV142","3072","2",
"VirtualMachine-vm-1145","DAPPQAV081","3072","2",
"VirtualMachine-vm-1355","DAPPQAV159","3072","2",
"VirtualMachine-vm-1448","DAPPQAV163","3072","2",
"VirtualMachine-vm-1299","DAPPQAV049","3072","2",
"VirtualMachine-vm-2434","vm1rlipovski","4096","2",
"VirtualMachine-vm-1392","DAPPQAV078","3072","2",
"VirtualMachine-vm-1300","DAPPQAV111","3072","2",
"VirtualMachine-vm-1319","DAPPQAV184","3072","2",
"VirtualMachine-vm-5461","vm1acpic","8192","2",
"VirtualMachine-vm-1367","DAPPQAV122","3072","2",
"VirtualMachine-vm-1402","DAPPQAV030","3072","2",
"VirtualMachine-vm-1305","DAPPQAV144","3072","2",
"VirtualMachine-vm-1282","DAPPQAV025","3072","2",
"VirtualMachine-vm-1395","DAPPQAV135","3072","2",
"VirtualMachine-vm-1280","DAPPQAV157","3072","2",
"VirtualMachine-vm-2627","vmdevgwp","4096","2",
"VirtualMachine-vm-1416","DAPPQAV014","3072","2",
"VirtualMachine-vm-1429","DAPPQAV169","3072","2",
"VirtualMachine-vm-1386","DAPPQAV072","3072","2",
"VirtualMachine-vm-1385","DAPPQAV117","3072","2",
"VirtualMachine-vm-1433","DAPPQAV176","3072","2",
"VirtualMachine-vm-1268","DAPPQAV069","3072","2",
"VirtualMachine-vm-4728","DAPPQAV194","3072","2",
"VirtualMachine-vm-2516","vmhdelac","8192","4",
"VirtualMachine-vm-1376","DAPPQAV053","3072","2",
"VirtualMachine-vm-1382","DAPPQAV107","3072","2",
"VirtualMachine-vm-5170","DAPPQAV213","4096","1",
"VirtualMachine-vm-1342","DAPPQAV012","3072","2",
"VirtualMachine-vm-2419","vmpgarbe","4096","2",
"VirtualMachine-vm-1388","DAPPQAV074","3072","2",
"VirtualMachine-vm-4748","DAPPQAV208","3072","2",
"VirtualMachine-vm-1207","DAPPQAV005","3072","2",
"VirtualMachine-vm-1278","DAPPQAV091","3072","2",
"VirtualMachine-vm-2598","vmilozic","4096","2",
"VirtualMachine-vm-1318","DAPPQAV178","3072","2",
"VirtualMachine-vm-1220","DAPPQAV067","3072","2",
"VirtualMachine-vm-1351","DAPPQAV149","3072","2",
"VirtualMachine-vm-1370","DAPPQAV028","3072","2",
"VirtualMachine-vm-1328","DAPPQAV059","3072","2",
"VirtualMachine-vm-1277","DAPPQAV086","3072","2",
"VirtualMachine-vm-1316","DAPPQAV101","3072","2",
"VirtualMachine-vm-5172","DAPPQAV215","4096","1",
"VirtualMachine-vm-1360","DAPPQAV046","3072","2",
"VirtualMachine-vm-4744","DAPPQAV206","3072","2",
"VirtualMachine-vm-1269","DAPPQAV125","3072","2",
"VirtualMachine-vm-2460","vmvcovic","8192","2",
"VirtualMachine-vm-1373","DAPPQAV037","3072","2",
"VirtualMachine-vm-1344","DAPPQAV143","3072","2",
"VirtualMachine-vm-5720","VMJSMARSCHEVSKI","4096","2",
"VirtualMachine-vm-1390","DAPPQAV080","3072","2",
"VirtualMachine-vm-2444","vmwmueller2","4096","2",
"VirtualMachine-vm-1443","DAPPQAV158","3072","2",
"VirtualMachine-vm-1371","DAPPQAV164","3072","2",
"VirtualMachine-vm-4551","vm1vvrdoljak","8192","4",
"VirtualMachine-vm-1122","DAPPQAV048","3072","2",
"VirtualMachine-vm-3738","vmtsalvesani","4096","2",
"VirtualMachine-vm-1275","DAPPQAV079","3072","2",
"VirtualMachine-vm-1426","DAPPQAV110","3072","2",
"VirtualMachine-vm-1381","DAPPQAV185","3072","2",
"VirtualMachine-vm-1369","DAPPQAV123","3072","2",
"VirtualMachine-vm-1359","DAPPQAV173","3072","2",
"VirtualMachine-vm-1421","DAPPQAV031","3072","2",
"VirtualMachine-vm-1291","DAPPQAV145","3072","2",
"VirtualMachine-vm-1308","DAPPQAV024","3072","2",
"VirtualMachine-vm-4721","DAPPQAV191","3072","2",
"VirtualMachine-vm-1321","DAPPQAV134","3072","2",
"VirtualMachine-vm-2602","vmtdadic","4096","2",
"VirtualMachine-vm-1405","DAPPQAV156","3072","2",
"VirtualMachine-vm-2538","vmrrichter","4096","2",
"VirtualMachine-vm-1345","DAPPQAV015","3072","2",
"VirtualMachine-vm-2428","vmdsantic","8192","2",
"VirtualMachine-vm-1323","DAPPQAV073","3072","2",
"VirtualMachine-vm-1337","DAPPQAV116","3072","2",
"VirtualMachine-vm-1306","DAPPQAV094","3072","2",
"VirtualMachine-vm-1170","DAPPQAV175","3072","2",
"VirtualMachine-vm-1335","DAPPQAV068","3072","2",
"VirtualMachine-vm-4732","DAPPQAV197","3072","2",
"VirtualMachine-vm-1362","DAPPQAV054","3072","2",
"VirtualMachine-vm-4630","VMMBAJIC","8192","2",
"VirtualMachine-vm-1378","DAPPQAV104","3072","2",
"VirtualMachine-vm-4747","DAPPQAV210","3072","2",
"VirtualMachine-vm-1415","DAPPQAV013","3072","2",
"VirtualMachine-vm-2078","DAPPIBV001","8192","4",
"VirtualMachine-vm-7761","cappbrv002","6144","2",
"VirtualMachine-vm-7762","dappbrv002","6144","2",
"VirtualMachine-vm-5183","DAPPBRV001","6144","2",
"VirtualMachine-vm-1923","DAPPDWV001","4096","2",
"VirtualMachine-vm-5876","dappnar025","16384","4",
"VirtualMachine-vm-5184","CAPPBRV001","6144","2",
"VirtualMachine-vm-2131","DAPPXFV001","4096","1",
"VirtualMachine-vm-2143","DAPPDLV001","4096","2",
"VirtualMachine-vm-1445","DAPPSAV001","4096","2",
"VirtualMachine-vm-5870","dappnar023","16384","4",
"VirtualMachine-vm-1053","DAPPBSV001","4096","2",
"VirtualMachine-vm-5993","DAPPMSV002","16384","8",
"VirtualMachine-vm-3118","dappnar055","16384","4",
"VirtualMachine-vm-5857","dappnar004","16384","2",
"VirtualMachine-vm-17301","DAPPVSV006","4096","2",
"VirtualMachine-vm-2040","DCDNSCV002","4096","2",
"VirtualMachine-vm-17383","DTEROPV001","16384","4",
"VirtualMachine-vm-5877","dappnar026","16384","4",
"VirtualMachine-vm-1893","DFTPMPR001","1024","1",
"VirtualMachine-vm-17312","dsqltrr001","1024","1",
"VirtualMachine-vm-17386","DTSTPAV002","4096","2",
"VirtualMachine-vm-5864","dappnar018","16384","2",
"VirtualMachine-vm-1927","DADMADV001","4096","2",
"VirtualMachine-vm-1937","DAPPTFV001","8192","2",
"VirtualMachine-vm-3479","tappbir001","2048","1",
"VirtualMachine-vm-17387","DTSTPAV002a","4096","2",
"VirtualMachine-vm-6895","VMHMaier","4096","2",
"VirtualMachine-vm-3190","dappnar040","16384","2",
"VirtualMachine-vm-2113","qftpmpr001","1024","1",
"VirtualMachine-vm-2006","qsqlser001","3072","1",
"VirtualMachine-vm-5771","DPSQISV002","8192","4",
"VirtualMachine-vm-1913","dappjmv001","2048","1",
"VirtualMachine-vm-5872","dappnar015","16384","2",
"VirtualMachine-vm-17304","drpcedv001","2048","1",
"VirtualMachine-vm-17423","DWEBVCV001","8192","2",
"VirtualMachine-vm-2037","QFTPDLV001","4096","2",
"VirtualMachine-vm-2172","dappbsr001","8192","8",
"VirtualMachine-vm-3208","dappnar034","16384","4",
"VirtualMachine-vm-1995","ddtbsuv001","2048","1",
"VirtualMachine-vm-2049","vmibolt5","4096","2",
"VirtualMachine-vm-1990","DAPPDLV002","8192","2",
"VirtualMachine-vm-1054","DAPPSAV002","1024","2",
"VirtualMachine-vm-1931","dappmdv001","4096","2",
"VirtualMachine-vm-17308","dsqlser001","3072","1",
"VirtualMachine-vm-2544","vmsweber","4096","2",
"VirtualMachine-vm-5764","DMGOTFV001","4096","2",
"VirtualMachine-vm-3186","dappnar056","16384","4",
"VirtualMachine-vm-2447","vmsoftdiag","4096","2",
"VirtualMachine-vm-1963","DAPPSKV001","4096","2",
"VirtualMachine-vm-2024","DFTPDLV001","4096","2",
"VirtualMachine-vm-2160","dapperr001","512","1",
"VirtualMachine-vm-5855","dappnar003","16384","2",
"VirtualMachine-vm-6594","DAPPWTV001","8192","4",
"VirtualMachine-vm-17420","DWEBRWV001","8192","2",
"VirtualMachine-vm-5858","dappnar021","16384","4",
"VirtualMachine-vm-17413","DWEBMPV001","8192","2",
"VirtualMachine-vm-2616","vmreicsmp","16384","2",
"VirtualMachine-vm-17306","DSQLCSV001","4096","2",
"VirtualMachine-vm-5856","dappnar006","16384","2",
"VirtualMachine-vm-1941","VMIBOLTMIG","4096","2",
"VirtualMachine-vm-5867","dappnar024","16384","4",
"VirtualMachine-vm-2045","qadmasr001","512","1",
"VirtualMachine-vm-1915","qdcowsv001","1024","1",
"VirtualMachine-vm-15608","DAPPD7V001","8192","2",
"VirtualMachine-vm-2145","DAPPJSV001","4096","2",
"VirtualMachine-vm-5868","dappnar016","16384","2",
"VirtualMachine-vm-18199","DWEBVAV001","4096","2",
"VirtualMachine-vm-3076","dappnar031","16384","4",
"VirtualMachine-vm-2064","vmibolt6","4096","2",
"VirtualMachine-vm-2630","vmreicgwp","4096","2",
"VirtualMachine-vm-17429","DWEBWSV002","16384","2",
"VirtualMachine-vm-5861","dappnar013","16384","2",
"VirtualMachine-vm-3189","dappnar029","16384","4",
"VirtualMachine-vm-7921","vmtestxpie6","4096","1",
"VirtualMachine-vm-17392","DWEBACV002","8192","2",
"VirtualMachine-vm-3181","dappnar036","16384","4",
"VirtualMachine-vm-3213","dappnar053","16384","4",
"VirtualMachine-vm-5790","DAPPSFV001","4096","2",
"VirtualMachine-vm-17382","DTALJCV001","16384","8",
"VirtualMachine-vm-1943","DAPPDNV001","8192","2",
"VirtualMachine-vm-2159","DAPPMCV001","2048","2",
"VirtualMachine-vm-3153","dappnar054","16384","4",
"VirtualMachine-vm-17307","dsqlmpr001","512","1",
"VirtualMachine-vm-2212","qsqltrr001","1024","1",
"VirtualMachine-vm-3420","twebfzr001","2048","1",
"VirtualMachine-vm-5878","dappnar005","16384","2",
"VirtualMachine-vm-1060","DAPPSAV005","4096","2",
"VirtualMachine-vm-1910","DAPPSCV001","4096","2",
"VirtualMachine-vm-2032","DCDNSCV001","4096","2",
"VirtualMachine-vm-17389","DWEBABV002","8192","2",
"VirtualMachine-vm-3461","TWEBDGV001","4096","2",
"VirtualMachine-vm-1976","dadmtsr001","1536","1",
"VirtualMachine-vm-3151","dappnar027","16384","4",
"VirtualMachine-vm-3159","dappnar039","16384","2",
"VirtualMachine-vm-2620","vmaberleth","4096","2",
"VirtualMachine-vm-7924","vmtestxpie8","4096","1",
"VirtualMachine-vm-1935","qappdlr001","4096","1",
"VirtualMachine-vm-5761","DMGOSMV002","6144","1",
"VirtualMachine-vm-2435","VMTKSHPVS2010","8192","2",
"VirtualMachine-vm-1982","dappdlr001","4096","1",
"VirtualMachine-vm-5862","dappnar008","16384","2",
"VirtualMachine-vm-3377","tappjgv001","2048","1",
"VirtualMachine-vm-3180","tappnar002","8192","2",
"VirtualMachine-vm-17309","DSQLSEV001","4096","2",
"VirtualMachine-vm-17416","dwebqpv001","8192","2",
"VirtualMachine-vm-1888","vmibolt3","4096","2",
"VirtualMachine-vm-3083","dappnar041","16384","2",
"VirtualMachine-vm-5875","dappnar014","8192","2",
"VirtualMachine-vm-17296","DAPPETV001","4096","2",
"VirtualMachine-vm-17391","DWEBACV001","8192","2",
"VirtualMachine-vm-3109","dappnar033","16384","4",
"VirtualMachine-vm-2208","vmibolt4","4096","2",
"VirtualMachine-vm-5874","dappnar011","8192","2",
"VirtualMachine-vm-17310","dsqlser002","3072","1",
"VirtualMachine-vm-17418","dwebtor001","1024","1",
"VirtualMachine-vm-3131","dappnar051","16384","4",
"VirtualMachine-vm-17299","DAPPTOV001","4096","2",
"VirtualMachine-vm-2017","qadmtsr001","512","1",
"VirtualMachine-vm-5852","dappnar022","16384","4",
"VirtualMachine-vm-2144","qsqlmpr001","512","1",
"VirtualMachine-vm-17305","DRPCENV001","4096","2",
"VirtualMachine-vm-2600","VMHLINDNER","2048","1",
"VirtualMachine-vm-5860","dappnar007","16384","4",
"VirtualMachine-vm-3084","tappnar001","8192","2",
"VirtualMachine-vm-2199","DAPPSSV001","16384","4",
"VirtualMachine-vm-17397","DWEBCSV001","8192","2",
"VirtualMachine-vm-2036","DAPPJOV001","8192","2",
"VirtualMachine-vm-1926","linus","512","1",
"VirtualMachine-vm-17385","DTSTPAV001","16384","8",
"VirtualMachine-vm-5865","dappnar019","16384","2",
"VirtualMachine-vm-17395","DWEBAMBV001","4096","6",
"VirtualMachine-vm-2035","ave_dev","512","1",
"VirtualMachine-vm-3085","dappnar030","16384","4",
"VirtualMachine-vm-1939","vmibolt1","4096","2",
"VirtualMachine-vm-17415","dwebpiv001","8192","1",
"VirtualMachine-vm-2181","qsqlser002","3072","1",
"VirtualMachine-vm-5863","dappnar012","16384","2",
"VirtualMachine-vm-17427","DWEBVCV002","8192","2",
"VirtualMachine-vm-3152","dappnar035","16384","4",
"VirtualMachine-vm-3088","dappnar052","32768","4",
"VirtualMachine-vm-2071","drpccmv001","2048","1",
"VirtualMachine-vm-17393","DWEBADV001","8192","2",
"VirtualMachine-vm-1992","DAPPDLV003","8192","4",
"VirtualMachine-vm-8750","DAPPMJV002","16384","8",
"VirtualMachine-vm-1055","DAPPSAV003","1024","2",
"VirtualMachine-vm-6427","vmmbacic","4096","2",
"VirtualMachine-vm-17384","DTSTMPV001","4096","2",
"VirtualMachine-vm-1970","DAPPDYV001","16384","12",
"VirtualMachine-vm-2512","VMVT001","4096","1",
"VirtualMachine-vm-5859","dappnar002","16384","2",
"VirtualMachine-vm-1958","DAPPDLV004","8192","2",
"VirtualMachine-vm-1059","DAPPSAV004","4096","2",
"VirtualMachine-vm-17388","DWEBABV001","8192","2",
"VirtualMachine-vm-7684","VMEUDASHBOARD","4096","2",
"VirtualMachine-vm-5871","dappnar020","16384","4",
"VirtualMachine-vm-3130","dappnar038","16384","4",
"VirtualMachine-vm-17298","DAPPMSV001","16384","8",
"VirtualMachine-vm-17302","ddcoder001","2048","2",
"VirtualMachine-vm-17417","dwebrmv001","2048","1",
"VirtualMachine-vm-5869","dappnar009","16384","2",
"VirtualMachine-vm-17311","DSQLSEV002","4096","2",
"VirtualMachine-vm-2101","vmibolt2","4096","2",
"VirtualMachine-vm-6951","DFTPMAV001","4096","2",
"VirtualMachine-vm-24017","dappnar017","8192","4",
"VirtualMachine-vm-2008","dappsdv001","4096","2",
"VirtualMachine-vm-25355","DTCBAGV003","6144","12",
"VirtualMachine-vm-1974","dappcer001","512","1",
"VirtualMachine-vm-3124","dappnar032","16384","4",
"VirtualMachine-vm-2063","qappetr001","512","1",
"VirtualMachine-vm-17394","DWEBADV002","8192","2",
"VirtualMachine-vm-17289","DWEBWSV001","16384","2",
"VirtualMachine-vm-1985","avesrv","3456","2",
"VirtualMachine-vm-5866","dappnar010","16384","2",
"VirtualMachine-vm-3129","dappnar028","16384","4",
"VirtualMachine-vm-7923","vmtestxpie7","4096","1",
"VirtualMachine-vm-3087","dappnar037","16384","4",
"VirtualMachine-vm-3100","dappnar050","16384","4",
"VirtualMachine-vm-5854","dappnar001","16384","2",
"VirtualMachine-vm-17396","dwebapr001","512","1",
"VirtualMachine-vm-17414","dwebntr001","512","1",
"VirtualMachine-vm-1912","snoopy","768","1",
"VirtualMachine-vm-5432","LORAMDV002","16384","4",
"VirtualMachine-vm-5232","LAPPBSV002","2048","1",
"VirtualMachine-vm-3608","LAPPMDV001","2048","2",
"VirtualMachine-vm-4684","LUXPMAV001","2048","1",
"VirtualMachine-vm-748","LMONDBV001","1024","1",
"VirtualMachine-vm-1874","LAPPBDV002","7168","4",
"VirtualMachine-vm-5435","LORAMGV003","8192","2",
"VirtualMachine-vm-5438","LORATSV002","8192","4",
"VirtualMachine-vm-3018","LAPPMGV001","1024","1",
"VirtualMachine-vm-3758","LAPPLDV001","4096","2",
"VirtualMachine-vm-7093","LORAHDV001","4096","2",
"VirtualMachine-vm-808","LAPPBLV001","4096","2",
"VirtualMachine-vm-3043","LAPPRWV001","2048","1",
"VirtualMachine-vm-1877","LAPPBDV004","3072","2",
"VirtualMachine-vm-4422","LAPPISV002","32768","8",
"VirtualMachine-vm-5433","LORAMGV001","8192","2",
"VirtualMachine-vm-7574","LDNSASV001","4096","1",
"VirtualMachine-vm-2908","LORAREV001","8192","4",
"VirtualMachine-vm-5004","LAPPVIV001","2048","1",
"VirtualMachine-vm-5013","LMYQBTV001","4096","4",
"VirtualMachine-vm-5431","LORAMDV001","16384","4",
"VirtualMachine-vm-19002","OAPPDMV001","2048","2",
"VirtualMachine-vm-7898","LTALEXV002","8192","2",
"VirtualMachine-vm-5806","LMYQYTV001","6144","2",
"VirtualMachine-vm-2910","LORAOBV001","4096","1",
"VirtualMachine-vm-7575","LDNSASV002","4096","1",
"VirtualMachine-vm-9325","LUXADMV001","4096","4",
"VirtualMachine-vm-24519","LAPPISV002ex4_nicht_l?schen","32768","8",
"VirtualMachine-vm-6103","DTSMBAV001","2048","2",
"VirtualMachine-vm-16961","LBAKPUB101","4096","2",
"VirtualMachine-vm-1871","LAPPBDV003","3072","2",
"VirtualMachine-vm-5434","LORAMGV002","8192","2",
"VirtualMachine-vm-5002","LMYQVIV001","2048","2",
"VirtualMachine-vm-5439","LORATSV003","8192","4",
"VirtualMachine-vm-5429","LORAJOBV001","9216","4",
"VirtualMachine-vm-20836","LORAOBV001","4096","1",
"VirtualMachine-vm-5012","LAPPBTV001","2048","2",
"VirtualMachine-vm-6095","DMYQBAV001","2048","2",
"VirtualMachine-vm-17201","LUXADMB101","4096","2",
"VirtualMachine-vm-723","LUXPPMV001","16384","4",
"VirtualMachine-vm-7355","LMYQNSV001","4096","2",
"VirtualMachine-vm-5750","LAPPBRV001","6144","2",
"VirtualMachine-vm-5924","LAPPDWV002","4096","4",
"VirtualMachine-vm-5920","LAPPXFV002","4096","1",
"VirtualMachine-vm-7393","LSALESV001","4096","2",
"VirtualMachine-vm-6401","LAPPXFV001","4096","1",
"VirtualMachine-vm-5751","LAPPBRV002","6144","2",
"VirtualMachine-vm-5922","LAPPDWV001","4096","4",
"VirtualMachine-vm-4306","LAPPIBV001","8192","4",
"VirtualMachine-vm-3903","LAPPIBV002","8192","4",
"VirtualMachine-vm-3670","LAPPJSV001","4096","2",
"VirtualMachine-vm-3148","OAPPADV001","4096","1",
"VirtualMachine-vm-3708","LAPPICV001","8192","4",
"VirtualMachine-vm-3150","OAPPEAV001","4096","1",
"VirtualMachine-vm-3632","LWEBWIV001","4096","2",
"VirtualMachine-vm-3128","OAPPRMV001","4096","2",
"VirtualMachine-vm-3895","LADMADV001","4096","2",
"VirtualMachine-vm-4147","OAPPBIV001","8192","6",
"VirtualMachine-vm-3135","OAPPJOV001","4096","2",
"VirtualMachine-vm-3893","LADMASR001","4096","2",
"VirtualMachine-vm-3068","OAPPERV001","4096","2",
"VirtualMachine-vm-3161","OAPPIMV001","4096","2",
"VirtualMachine-vm-3105","OAPPMFV001","4096","2",
"VirtualMachine-vm-3249","OAPPSSV001","16384","8",
"VirtualMachine-vm-3894","LADMSMV001","4096","2",
"VirtualMachine-vm-3921","LAPPDLV004","8192","8",
"VirtualMachine-vm-3291","oappspv001","8192","4",
"VirtualMachine-vm-3276","OAPPOTV001","4096","2",
"VirtualMachine-vm-5826","LSQLDYV001","4096","2",
"VirtualMachine-vm-3122","OAPPAMV001","4096","2",
"VirtualMachine-vm-3133","oappskv001","2048","1",
"VirtualMachine-vm-3673","LTERMCR001","1024","1",
"VirtualMachine-vm-14746","LWEBRWV002","8192","4",
"VirtualMachine-vm-1264","LAPPBSV001","4096","2",
"VirtualMachine-vm-26041","LAPPDOR001","3072","2",
"VirtualMachine-vm-9462","LWEBPSV001","16384","8",
"VirtualMachine-vm-3328","oappspv002","8192","4",
"VirtualMachine-vm-5762","LMONGAV001","4096","2",
"VirtualMachine-vm-3194","oappmev001","2048","1",
"VirtualMachine-vm-5767","LNCISSV001","2048","4",
"VirtualMachine-vm-3619","LAPPDYV001","16384","12",
"VirtualMachine-vm-3070","OAPPSFV001","4096","1",
"VirtualMachine-vm-3089","oappsgr001","4096","2",
"VirtualMachine-vm-3149","OAPPOSV001","4096","2",
"VirtualMachine-vm-3009","LWEBGAV001","3072","2",
"VirtualMachine-vm-5411","LAPPWUV002","8192","2",
"VirtualMachine-vm-4822","LAPPKMV001","4096","2",
"VirtualMachine-vm-5180","OAPPTSTDKV001","16384","8",
"VirtualMachine-vm-718","20120103_LiveCD_Test","2048","1",
"VirtualMachine-vm-3603","MNETNCS001","8192","2",
"VirtualMachine-vm-10207","MNETCAB101","4096","2",
"VirtualMachine-vm-23116","XX_MNETCMB201_to_DEL","4096","2",
"VirtualMachine-vm-12287","dnetlv003-HW8","4096","2",
"VirtualMachine-vm-4262","MNETINV001","2048","2",
"VirtualMachine-vm-1261","MAPPSFV001","4096","2",
"VirtualMachine-vm-6137","MAPPSFV002","4096","2",
"VirtualMachine-vm-6134","MTSMRPV001","8192","1",
"VirtualMachine-vm-23779","Converter","4096","2",
"VirtualMachine-vm-25209","ZAPPBZR001","2048","1",
"VirtualMachine-vm-26113","ZAPPPXR003","6144","4",
"VirtualMachine-vm-26183","ZAPPPXR002","6144","4",
"VirtualMachine-vm-26197","ZAPPPXR001","6144","4",
"VirtualMachine-vm-3042","OAPPLDV001","4096","2",
"VirtualMachine-vm-4867","OAPPRWR001","4096","2",
"VirtualMachine-vm-11314","OAPPSATR001","16384","4",
"VirtualMachine-vm-743","OAPPXMV001","6144","2",
"VirtualMachine-vm-3044","OAPPRWV001","3072","2",
"VirtualMachine-vm-6507","OORAMAV002","8192","2",
"VirtualMachine-vm-6164","OORATDV001","5120","1",
"VirtualMachine-vm-6241","OORAMAV001","8192","2",
"VirtualMachine-vm-21163","TAPPR7V001","4096","2",
"VirtualMachine-vm-6845","DTALEXV002","8192","2",
"VirtualMachine-vm-4146","OAPPBWOV001","16384","2",
"VirtualMachine-vm-2412","OBAKPUV001","2048","2",
"VirtualMachine-vm-6142","Test","2048","1",
"VirtualMachine-vm-8333","OHADSSV001","2048","2",
"VirtualMachine-vm-15487","CiPIVA","12288","4",
"VirtualMachine-vm-15616","mnettshoot","4096","1",
"VirtualMachine-vm-3199","ITOFFICE1","2048","2",
"VirtualMachine-vm-3158","otstenv001","2048","1",
"VirtualMachine-vm-26104","ASDV9033","16384","6",
"VirtualMachine-vm-18202","MDCOMGR001","2048","1",
"VirtualMachine-vm-3071","ohypter001","2048","4",
"VirtualMachine-vm-3165","ASDV0021","2048","2",
"VirtualMachine-vm-4924","ASDV9011","2048","1",
"VirtualMachine-vm-5412","ASDV9014","8192","2",
"VirtualMachine-vm-3211","ASDV9001","1024","1",
"VirtualMachine-vm-3110","OTEROPV001","16384","4",
"VirtualMachine-vm-3090","oappsger001","512","1",
"VirtualMachine-vm-3103","ITOFFICE2","2048","2",
"VirtualMachine-vm-11073","ASDV9023","8192","2",
"VirtualMachine-vm-3111","otstenv002","2048","1",
"VirtualMachine-vm-3082","ovmasanz","2048","1",
"VirtualMachine-vm-4643","ASDV9009","4096","2",
"VirtualMachine-vm-5833","ASDV9017","4096","2",
"VirtualMachine-vm-6328","OAPPLDV002","4096","2",
"VirtualMachine-vm-3200","OAPPRAR001","2048","1",
"VirtualMachine-vm-3144","ASDV9003","4096","2",
"VirtualMachine-vm-24004","ODCOASV005","8192","4",
"VirtualMachine-vm-21303","ASDV9030","4096","2",
"VirtualMachine-vm-7683","ASDV9012","3072","2",
"VirtualMachine-vm-5733","ASDV9015","3072","2",
"VirtualMachine-vm-3215","ASDV0019","2048","1",
"VirtualMachine-vm-3192","OAPPWUV001","2048","1",
"VirtualMachine-vm-3141","ASDV9000","6144","4",
"VirtualMachine-vm-20695","ASDV9029","4096","2",
"VirtualMachine-vm-3164","ASDV9005","4096","2",
"VirtualMachine-vm-6719","OSOURCESCAN","8192","2",
"VirtualMachine-vm-3214","ASDV0020","2048","1",
"VirtualMachine-vm-4642","ASDV9008","2048","2",
"VirtualMachine-vm-4719","ASDV9010","2048","1",
"VirtualMachine-vm-4821","OAPPKMV001","4096","2",
"VirtualMachine-vm-4825","OSQLDPV001","8192","2",
"VirtualMachine-vm-3142","ASDV9002","2048","1",
"VirtualMachine-vm-17716","ASDV9027","4096","1",
"VirtualMachine-vm-4879","TESTXPV001","2048","1",
"VirtualMachine-vm-3140","ITOFFICE3","2048","2",
"VirtualMachine-vm-4628","TAPPEXV001","4096","2",
"VirtualMachine-vm-3201","owebspv002","8192","4",
"VirtualMachine-vm-6727","ASDV9007","4096","1",
"VirtualMachine-vm-3092","ASDV9020","4096","2",
"VirtualMachine-vm-5209","ASDV9013","3072","2",
"VirtualMachine-vm-3166","ASDV0022","3072","2",
"VirtualMachine-vm-3115","ODCOTTV001","4096","2",
"VirtualMachine-vm-3206","oappmar001","2000","1",
"VirtualMachine-vm-4925","OAPPMDMV001","4096","2",
"VirtualMachine-vm-3196","owebspv001","8192","4",
"VirtualMachine-vm-3197","ASDV9004","4096","2",
"VirtualMachine-vm-3102","oappjor001","2048","1",
"VirtualMachine-vm-4912","OADMTSV001","16384","4",
"VirtualMachine-vm-3116","owebtov001","4096","1",
"VirtualMachine-vm-6721","OENGINE","16384","8",
"VirtualMachine-vm-25151","ASDV9032","4096","2",
"VirtualMachine-vm-10457","OAPPGPV002","1024","2",
"VirtualMachine-vm-5410","OAPPWUV002","8192","2",
"VirtualMachine-vm-24346","OW2K12V004","4096","2",
"VirtualMachine-vm-10730","odcoasr993","4096","2",
"VirtualMachine-vm-10462","ASDV9022","4096","2",
"VirtualMachine-vm-4430","ODFWV001","3072","2",
"VirtualMachine-vm-10454","OAPPGPV001","4096","2",
"VirtualMachine-vm-11271","ASDV9024","4096","2",
"VirtualMachine-vm-3072","oappdir001","1024","1",
"VirtualMachine-vm-2849","RORASBV003","12288","2",
"VirtualMachine-vm-4625","RAPPMDV001","1024","1",
"VirtualMachine-vm-4626","RMYQMDV001","1024","1",
"VirtualMachine-vm-2694","RORASBV002","12288","2",
"VirtualMachine-vm-5010","RAPPBTV001","2048","2",
"VirtualMachine-vm-8299","RAPPSTV001","4096","2",
"VirtualMachine-vm-7723","RELAVMV001","12288","2",
"VirtualMachine-vm-5011","RMYQBTV001","4096","2",
"VirtualMachine-vm-7896","RTALEXV002","8192","2",
"VirtualMachine-vm-27514","RORACLV003","16384","2",
"VirtualMachine-vm-2370","RORADLV001","4096","1",
"VirtualMachine-vm-8300","RMYQSTV001","4096","2",
"VirtualMachine-vm-2692","RORAMAV002","16384","2",
"VirtualMachine-vm-5462","RORAMDV001","16384","4",
"VirtualMachine-vm-5006","RORASBV060","8192","2",
"VirtualMachine-vm-683","RORATSV001","8192","2",
"VirtualMachine-vm-11829","RMYQMDV002","4096","2",
"VirtualMachine-vm-2847","RORAMAV003","16384","2",
"VirtualMachine-vm-2851","RORAMPV003","8192","2",
"VirtualMachine-vm-2631","RORAMPV002","8192","2",
"VirtualMachine-vm-5921","RAPPDWV001","4096","4",
"VirtualMachine-vm-5925","RAPPDWV002","4096","4",
"VirtualMachine-vm-928","RAPPIBV002","8192","4",
"VirtualMachine-vm-5914","RAPPXFV001","4096","1",
"VirtualMachine-vm-6282","RAPPBRV002","6144","2",
"VirtualMachine-vm-5748","RAPPBRV001","6144","2",
"VirtualMachine-vm-925","RAPPIBV001","8192","4",
"VirtualMachine-vm-7024","RAPPDLV002","4096","2",
"VirtualMachine-vm-935","RAPPDLV001","4096","2",
"VirtualMachine-vm-942","RFILCLV005","4096","2",
"VirtualMachine-vm-961","RFTPMPV001","4096","2",
"VirtualMachine-vm-897","RWEBBIV001","32768","4",
"VirtualMachine-vm-923","RWEBVCV002","8192","2",
"VirtualMachine-vm-924","RWEBWSV001","16384","2",
"VirtualMachine-vm-5746","RAPPSFV001","4096","2",
"VirtualMachine-vm-937","RAPPJSV001","4096","2",
"VirtualMachine-vm-939","RCDNSCV001","8192","1",
"VirtualMachine-vm-944","RAPPJOV001","16384","2",
"VirtualMachine-vm-931","RFTPDLV001","4096","2",
"VirtualMachine-vm-6409","RTEROPV001","8192","4",
"VirtualMachine-vm-886","RWEBABV002","8192","2",
"VirtualMachine-vm-891","RADMADV001","4096","2",
"VirtualMachine-vm-5963","RAPPMSV002","16384","8",
"VirtualMachine-vm-17778","RWEBTWV002","16384","8",
"VirtualMachine-vm-6163","RAPPDLV004","4096","2",
"VirtualMachine-vm-5962","RAPPMSV001","16384","8",
"VirtualMachine-vm-959","RCDNSCV002","8192","2",
"VirtualMachine-vm-894","RWEBACV001","8192","2",
"VirtualMachine-vm-18423","RWEBLDV001","8192","2",
"VirtualMachine-vm-955","RWEBRWV001","8192","2",
"VirtualMachine-vm-958","RWEBVCV001","8192","2",
"VirtualMachine-vm-927","RWEBWSV002","16384","2",
"VirtualMachine-vm-6161","RAPPDLV003","4096","2",
"VirtualMachine-vm-895","RWEBACV002","8192","2",
"VirtualMachine-vm-941","RWEBPIV001","8192","2",
"VirtualMachine-vm-25340","vcoTestTemplate","4096","2",
"VirtualMachine-vm-15188","Template_Win2k8r2_test","1024","2",
"VirtualMachine-vm-3183","Template_Enteo_W7_32Bit","3072","2",
"VirtualMachine-vm-5096","Template_W8_64Bit","4096","1",
"VirtualMachine-vm-5124","Template_Enteo_W7_64Bit","3072","2",
"VirtualMachine-vm-12849","RWEBAWV002","16384","8",
"VirtualMachine-vm-3184","DSQLACV020","4096","2",
"VirtualMachine-vm-4560","LWEBABV007","16384","8",
"VirtualMachine-vm-5965","LAPPMSV002","16384","8",
"VirtualMachine-vm-8170","LCDNSCV004","4096","2",
"VirtualMachine-vm-12851","LWEBAWV001","16384","8",
"VirtualMachine-vm-10722","DDCODEV001","8192","4",
"VirtualMachine-vm-13373","OAPPPAV007","4096","2",
"VirtualMachine-vm-3155","DSQLACV015","4096","2",
"VirtualMachine-vm-3185","DSQLACV003","8192","4",
"VirtualMachine-vm-4342","LAPPDLV003","8192","4",
"VirtualMachine-vm-3204","dappvsv001","2048","2",
"VirtualMachine-vm-3067","DSQLACV009","4096","2",
"VirtualMachine-vm-3917","LRPCGCV002","4096","2",
"VirtualMachine-vm-3924","LTEROPV002","16384","4",
"VirtualMachine-vm-3823","LRPCLAV101","4096","2",
"VirtualMachine-vm-8153","LCDNSCV005","4096","2",
"VirtualMachine-vm-3170","dappvsv002","2048","2",
"VirtualMachine-vm-17776","DWEBTWV001","16384","8",
"VirtualMachine-vm-17780","LWEBTWV002","16384","8",
"VirtualMachine-vm-8583","LCDNCPV005","16384","8",
"VirtualMachine-vm-16698","DSQLBIV001","32768","4",
"VirtualMachine-vm-8154","LCDNSCV006","4096","2",
"VirtualMachine-vm-4561","LWEBABV008","16384","8",
"VirtualMachine-vm-17204","LAPPDSV001","16384","8",
"VirtualMachine-vm-14545","LCDNPIV003","16384","8",
"VirtualMachine-vm-13733","LWEBACV003","16384","8",
"VirtualMachine-vm-4270","LRPCEDV003","32768","4",
"VirtualMachine-vm-14824","LWEBWSV004","16384","8",
"VirtualMachine-vm-3906","LRFSASV002","2048","1",
"VirtualMachine-vm-8159","LCDNSCV011","16384","8",
"VirtualMachine-vm-4281","LWEBTSV002","4096","2",
"VirtualMachine-vm-17775","DWEBTWV002","16384","8",
"VirtualMachine-vm-18310","ODCOASV002","8192","4",
"VirtualMachine-vm-5741","LAPPSFV002","4096","2",
"VirtualMachine-vm-5742","LAPPSFV003","4096","2",
"VirtualMachine-vm-5744","LAPPSFV005","4096","2",
"VirtualMachine-vm-8163","LCDNSCV014","16384","8",
"VirtualMachine-vm-3854","LRFSASV001","2048","1",
"VirtualMachine-vm-3154","DSQLACV007","4096","2",
"VirtualMachine-vm-4562","RWEBABV001","16384","8",
"VirtualMachine-vm-8584","LCDNCPV002","16384","8",
"VirtualMachine-vm-3787","LSQLTRV100","8192","2",
"VirtualMachine-vm-3825","LRPCGCV001","4096","2",
"VirtualMachine-vm-3162","DSQLACV010","4096","2",
"VirtualMachine-vm-3167","DSQLACV019","4096","2",
"VirtualMachine-vm-4556","LWEBABV004","16384","8",
"VirtualMachine-vm-6629","TESTHAPC501","1024","2",
"VirtualMachine-vm-16762","OMSSQLV002","16384","8",
"VirtualMachine-vm-3912","LRPCEDV004","32768","4",
"VirtualMachine-vm-12852","LWEBAWV003","16384","8",
"VirtualMachine-vm-11634","LWEBADV006","16384","8",
"VirtualMachine-vm-4282","LWEBTSV003","4096","2",
"VirtualMachine-vm-18326","LAPPTJV001","16384","8",
"VirtualMachine-vm-5745","LAPPSFV006","4096","2",
"VirtualMachine-vm-14547","LCDNPIV005","16384","8",
"VirtualMachine-vm-3788","LRPCCMV001","8192","4",
"VirtualMachine-vm-18740","OTSTBUV001","4096","2",
"VirtualMachine-vm-16332","OTERASV001","8192","2",
"VirtualMachine-vm-7802","DTSTSSV001","4096","2",
"VirtualMachine-vm-14551","LCDNPIV006","16384","8",
"VirtualMachine-vm-18325","RAPPTJV001","16384","8",
"VirtualMachine-vm-3913","LRPCEDV002","16384","4",
"VirtualMachine-vm-7804","DTSTSKV001","4096","2",
"VirtualMachine-vm-18744","LSQLBIV001","16384","2",
"VirtualMachine-vm-3132","DSQLACV005","4096","2",
"VirtualMachine-vm-3193","DSQLACV011","4096","2",
"VirtualMachine-vm-7805","DTSTSFV001","4096","2",
"VirtualMachine-vm-13374","OAPPPAV008","4096","2",
"VirtualMachine-vm-8151","LCDNSCV001","4096","2",
"VirtualMachine-vm-3099","DSQLACV002","4096","2",
"VirtualMachine-vm-12853","LWEBAWV002","16384","8",
"VirtualMachine-vm-12854","LWEBAWV004","16384","8",
"VirtualMachine-vm-8152","LCDNSCV003","4096","2",
"VirtualMachine-vm-8155","LCDNSCV007","4096","2",
"VirtualMachine-vm-3160","DSQLACV004","4096","2",
"VirtualMachine-vm-6116","MBPC05V001","4096","1",
"VirtualMachine-vm-3101","DSQLACV012","4096","2",
"VirtualMachine-vm-4331","LAPPDLV002","8192","2",
"VirtualMachine-vm-3188","DSQLACV013","4096","2",
"VirtualMachine-vm-15978","OSQLBIV001","32768","4",
"VirtualMachine-vm-3145","dappvsv005","2048","2",
"VirtualMachine-vm-4280","LWEBTSV001","4096","2",
"VirtualMachine-vm-14745","LWEBRWV001","8192","4",
"VirtualMachine-vm-3217","DSQLACV016","4096","2",
"VirtualMachine-vm-17771","CWEBTWV001","16384","8",
"VirtualMachine-vm-8164","XX_LCDNSCV015_to_DEL","16384","8",
"VirtualMachine-vm-13371","OAPPPAV002","4096","2",
"VirtualMachine-vm-13375","OAPPPAV009","4096","2",
"VirtualMachine-vm-8157","LCDNSCV009","16384","8",
"VirtualMachine-vm-7956","CWEBICV001","8192","8",
"VirtualMachine-vm-4559","LWEBABV006","16384","8",
"VirtualMachine-vm-6633","TESTHAPC502","1024","2",
"VirtualMachine-vm-14828","LWEBWSV008","16384","8",
"VirtualMachine-vm-3205","dappvsv004","2048","2",
"VirtualMachine-vm-3216","DSQLACV008","4096","2",
"VirtualMachine-vm-3069","DSQLACV017","4096","2",
"VirtualMachine-vm-8160","LCDNSCV012","16384","8",
"VirtualMachine-vm-12846","DWEBAWV001","16384","8",
"VirtualMachine-vm-3902","LRPCCMV002","8192","4",
"VirtualMachine-vm-6117","MBPC05V002","4096","1",
"VirtualMachine-vm-18309","ODCOASV001","8192","4",
"VirtualMachine-vm-14556","LCDNPIV004","16384","8",
"VirtualMachine-vm-17777","RWEBTWV001","16384","8",
"VirtualMachine-vm-8165","XX_LCDNSCV016_to_DEL","16384","8",
"VirtualMachine-vm-3901","LRPCLAV102","4096","2",
"VirtualMachine-vm-13370","OAPPPAV001","4096","2",
"VirtualMachine-vm-24478","DSQLACV100","40960","8",
"VirtualMachine-vm-14822","LWEBWSV003","16384","8",
"VirtualMachine-vm-14827","LWEBWSV007","16384","8",
"VirtualMachine-vm-3195","DSQLACV006","4096","2",
"VirtualMachine-vm-17779","LWEBTWV001","16384","8",
"VirtualMachine-vm-13372","OAPPPAV003","4096","2",
"VirtualMachine-vm-8158","LCDNSCV010","16384","8",
"VirtualMachine-vm-4341","LWEBTPV002","4096","2",
"VirtualMachine-vm-14823","LWEBWSV001","16384","8",
"VirtualMachine-vm-8669","CAPPMJV001","16384","8",
"VirtualMachine-vm-5743","LAPPSFV004","4096","2",
"VirtualMachine-vm-3862","LRPCEDV001","16384","4",
"VirtualMachine-vm-14550","LCDNPIV008","16384","8",
"VirtualMachine-vm-3119","DSQLACV018","4096","2",
"VirtualMachine-vm-18311","ODCOASV003","8192","4",
"VirtualMachine-vm-14821","LWEBWSV002","16384","8",
"VirtualMachine-vm-3807","LTEROPV003","16384","4",
"VirtualMachine-vm-13731","LWEBACV001","16384","8",
"VirtualMachine-vm-3112","DSQLACV001","4096","2",
"VirtualMachine-vm-7806","MTSTSFV001","4096","2",
"VirtualMachine-vm-7957","LWEBICV001","8192","8",
"VirtualMachine-vm-11635","LWEBADV007","16384","8",
"VirtualMachine-vm-8161","LCDNSCV013","16384","8",
"VirtualMachine-vm-13738","LWEBACV002","16384","8",
"VirtualMachine-vm-14826","LWEBWSV006","16384","8",
"VirtualMachine-vm-8171","LCDNSCV002","4096","2",
"VirtualMachine-vm-14544","LCDNPIV002","16384","8",
"VirtualMachine-vm-8156","LCDNSCV008","16384","8",
"VirtualMachine-vm-18748","DSQLBIV003","16384","2",
"VirtualMachine-vm-3134","DSQLACV014","4096","2",
"VirtualMachine-vm-4553","LWEBABV003","16384","8",
"VirtualMachine-vm-3950","LSQLTRV200","8192","2",
"VirtualMachine-vm-16330","OSPAPPV001","12288","4",
"VirtualMachine-vm-14549","LCDNPIV007","16384","8",
"VirtualMachine-vm-18306","OAPPWUV003","16384","4",
"VirtualMachine-vm-18320","CAPPTJV001","16384","8",
"VirtualMachine-vm-13734","LWEBACV004","16384","8",
"VirtualMachine-vm-18322","DAPPTJV001","16384","8",
"VirtualMachine-vm-12848","RWEBAWV001","16384","8",
"VirtualMachine-vm-13737","LWEBNSV002","16384","8",
"VirtualMachine-vm-4558","LWEBABV005","16384","8",
"VirtualMachine-vm-14825","LWEBWSV005","16384","8",
"VirtualMachine-vm-13736","LWEBNSV001","16384","8",
"VirtualMachine-vm-8117","DAPPPPV001","8192","4",
"VirtualMachine-vm-4309","LWEBTSV004","4096","2",
"VirtualMachine-vm-16394","CWEBERV001","16384","8",
"VirtualMachine-vm-17205","LAPPDSV002","16384","8",
"VirtualMachine-vm-6119","MBPC05V003","4096","1",
"VirtualMachine-vm-4337","LWEBTPV001","4096","2",
"VirtualMachine-vm-12373","LAPPPPV001","8192","4",
"VirtualMachine-vm-16329","OSPWEBV001","12288","4",
"VirtualMachine-vm-14543","LCDNPIV001","16384","8",
"VirtualMachine-vm-3139","dappvsv003","2048","2",
"VirtualMachine-vm-5973","LAPPMSV004","16384","8",
"VirtualMachine-vm-8585","LCDNCPV008","16384","8",
"VirtualMachine-vm-16469","LELAKIV009","8192","4",
"VirtualMachine-vm-9562","CAPPBXV001","4096","2",
"VirtualMachine-vm-11321","CAPPMWV001","4096","2",
"VirtualMachine-vm-13301","CAPPBIV002","32768","6",
"VirtualMachine-vm-15844","LELAKIV001","8192","4",
"VirtualMachine-vm-27734","TPRXVAV003","8192","2",
"VirtualMachine-vm-17133","LELAVMV019","12288","6",
"VirtualMachine-vm-12501","TENITXV001","2048","2",
"VirtualMachine-vm-11883","LAPPCMV001","4096","2",
"VirtualMachine-vm-12127","TAPPTSV001","2048","2",
"VirtualMachine-vm-9271","LRMQASV001","2048","2",
"VirtualMachine-vm-11463","LAPPMWV003","16384","6",
"VirtualMachine-vm-11470","TPUPPDV001","6144","2",
"VirtualMachine-vm-6310","RAPPBXV002","2048","1",
"VirtualMachine-vm-10160","TRHELPV001","2048","2",
"VirtualMachine-vm-10254","THADDBV002","4096","2",
"VirtualMachine-vm-14818","LELAVMV007","12288","6",
"VirtualMachine-vm-12500","TELASUV001","2048","2",
"VirtualMachine-vm-16471","LELAKIV006","8192","4",
"VirtualMachine-vm-9570","DAPPBXV001","4096","2",
"VirtualMachine-vm-10540","RMYQCMV001","4096","2",
"VirtualMachine-vm-10916","CELASTV003","12288","2",
"VirtualMachine-vm-10917","CELASTV004","12288","2",
"VirtualMachine-vm-11464","LAPPMWV004","16384","6",
"VirtualMachine-vm-11468","TPUPPDV005","6144","2",
"VirtualMachine-vm-15982","RMYQBXV004","4096","2",
"VirtualMachine-vm-10248","THADHSV002","2048","2",
"VirtualMachine-vm-23045","LELAKIV014","8192","4",
"VirtualMachine-vm-10085","TDEPPDV001","2048","2",
"VirtualMachine-vm-15121","RAPPBXV003","4096","2",
"VirtualMachine-vm-10154","TELAPDV002","12288","2",
"VirtualMachine-vm-14686","RELAVMV002","12288","2",
"VirtualMachine-vm-16764","LMYQWPV002","4096","2",
"VirtualMachine-vm-16473","LAPPKIV001","4096","2",
"VirtualMachine-vm-10714","CTSMTSV001","32768","2",
"VirtualMachine-vm-10242","THADCNV003","4096","2",
"VirtualMachine-vm-10076","TPUPPMV001","8192","4",
"VirtualMachine-vm-17131","LELAVMV017","12288","6",
"VirtualMachine-vm-17134","LELAVMV021","12288","6",
"VirtualMachine-vm-15983","RMYQBXV006","4096","2",
"VirtualMachine-vm-16470","LELAKIV010","8192","4",
"VirtualMachine-vm-9471","CELASTV001","12288","2",
"VirtualMachine-vm-11020","CMYQCMV001","4096","2",
"VirtualMachine-vm-14532","LAPPMAV002","16384","6",
"VirtualMachine-vm-9382","LAPPSTV002","4096","2",
"VirtualMachine-vm-15845","LELAKIV002","8192","4",
"VirtualMachine-vm-15126","RAPPBXV006","4096","2",
"VirtualMachine-vm-15129","LAPPBXV004","4096","2",
"VirtualMachine-vm-6115","MBPC06V003","4096","1",
"VirtualMachine-vm-6313","RMYQBXV001","4096","2",
"VirtualMachine-vm-10243","THADFAV001","2048","2",
"VirtualMachine-vm-10253","THADDBV001","4096","2",
"VirtualMachine-vm-12503","TPOSSUV001","2048","2",
"VirtualMachine-vm-12967","RPUPPBV001","6144","2",
"VirtualMachine-vm-16900","LELAVMV013","12288","6",
"VirtualMachine-vm-23044","LELAKIV013","8192","4",
"VirtualMachine-vm-14623","OORAANV001","8192","2",
"VirtualMachine-vm-16899","LELAVMV011","12288","6",
"VirtualMachine-vm-16903","LELAVMV015","12288","6",
"VirtualMachine-vm-16333","LMYQBXV004","8192","2",
"VirtualMachine-vm-9718","CORAMDV001","4096","2",
"VirtualMachine-vm-10316","TORAPDV002","4096","2",
"VirtualMachine-vm-11639","LAPPYTV002","2048","2",
"VirtualMachine-vm-13870","RMYQMTV002","2048","2",
"VirtualMachine-vm-13871","RMYQMAV002","2048","2",
"VirtualMachine-vm-13934","DAPPWPV002","4096","2",
"VirtualMachine-vm-13935","DMYQWPV002","4096","2",
"VirtualMachine-vm-11469","TPUPPDV004","6144","2",
"VirtualMachine-vm-15847","LELAKIV004","8192","4",
"VirtualMachine-vm-11638","LAPPYTV001","2048","2",
"VirtualMachine-vm-15131","LMYQBXV003","4096","2",
"VirtualMachine-vm-15132","LAPPBXV006","4096","2",
"VirtualMachine-vm-10241","THADCNV002","4096","2",
"VirtualMachine-vm-10245","THADFFV001","2048","2",
"VirtualMachine-vm-10250","THADMGV001","4096","2",
"VirtualMachine-vm-14748","RAPPWPV002","4096","2",
"VirtualMachine-vm-10153","TELAPDV001","12288","2",
"VirtualMachine-vm-14552","LAPPMAV005","16384","6",
"VirtualMachine-vm-13300","CAPPBIV003","32768","6",
"VirtualMachine-vm-13305","LAPPBIV003","32768","6",
"VirtualMachine-vm-15848","LELAKIV005","8192","4",
"VirtualMachine-vm-14553","LAPPMAV006","16384","6",
"VirtualMachine-vm-12680","TAPPR6V001","2048","2",
"VirtualMachine-vm-12690","TAPPPDV005","2048","2",
"VirtualMachine-vm-9571","DMYQBXV001","4096","2",
"VirtualMachine-vm-10541","RAPPCMV002","4096","2",
"VirtualMachine-vm-14540","LAPPMAV004","16384","6",
"VirtualMachine-vm-9272","LRMQASV002","2048","2",
"VirtualMachine-vm-13866","RAPPMAV001","4096","2",
"VirtualMachine-vm-15124","RMYQBXV003","4096","2",
"VirtualMachine-vm-6309","RAPPBXV001","2048","1",
"VirtualMachine-vm-10244","THADFAV002","2048","2",
"VirtualMachine-vm-10251","THADMGV002","4096","2",
"VirtualMachine-vm-10151","TMYQPDV001","2048","2",
"VirtualMachine-vm-10152","TMYQPDV002","2048","2",
"VirtualMachine-vm-16897","LELAVMV009","12288","6",
"VirtualMachine-vm-12692","TAPPPDV003","2048","2",
"VirtualMachine-vm-12969","TPUPPBV001","6144","2",
"VirtualMachine-vm-16468","LELAKIV008","8192","4",
"VirtualMachine-vm-7726","LELAVMV001","24576","6",
"VirtualMachine-vm-11456","DSSHFPV001","2048","2",
"VirtualMachine-vm-6184","LMYQMAV005","32768","8",
"VirtualMachine-vm-12968","LPUPPBV001","6144","2",
"VirtualMachine-vm-10542","RAPPCMV001","4096","2",
"VirtualMachine-vm-11884","LMYQCMV001","4096","2",
"VirtualMachine-vm-14539","LAPPMAV003","16384","6",
"VirtualMachine-vm-13226","LMYQMAV003","16384","6",
"VirtualMachine-vm-6109","MBPC06V001","4096","1",
"VirtualMachine-vm-27151","CORABIV002","4096","2",
"VirtualMachine-vm-27320","LNTPASV001","2048","1",
"VirtualMachine-vm-12679","TAPPR5V001","2048","2",
"VirtualMachine-vm-12698","CMYQWPV002","4096","2",
"VirtualMachine-vm-12709","LAPPMWV002","16384","6",
"VirtualMachine-vm-16335","LMYQBXV006","4096","2",
"VirtualMachine-vm-10319","TORAPDV001","8192","2",
"VirtualMachine-vm-13310","CNFSBIV001","4096","2",
"VirtualMachine-vm-13869","RMYQMTV001","2048","2",
"VirtualMachine-vm-11458","RAPPMWV002","4096","2",
"VirtualMachine-vm-11466","TPUPPDV002","6144","2",
"VirtualMachine-vm-11629","RAPPMWV001","16384","6",
"VirtualMachine-vm-15128","LAPPBXV003","4096","2",
"VirtualMachine-vm-10240","THADCNV001","4096","2",
"VirtualMachine-vm-14749","RMYQWPV002","4096","2",
"VirtualMachine-vm-15122","RAPPBXV004","4096","2",
"VirtualMachine-vm-23046","LELAKIV015","8192","4",
"VirtualMachine-vm-12687","TAPPPDV002","2048","2",
"VirtualMachine-vm-14243","LAPPMAV001","16384","6",
"VirtualMachine-vm-11467","TPUPPDV003","6144","2",
"VirtualMachine-vm-10247","THADHSV001","2048","2",
"VirtualMachine-vm-6114","MBPC06V002","4096","1",
"VirtualMachine-vm-27153","LORABIV003","4096","2",
"VirtualMachine-vm-27242","DORABIV002","4096","2",
"VirtualMachine-vm-27321","LNTPASV002","2048","1",
"VirtualMachine-vm-14816","LELAVMV005","12288","6",
"VirtualMachine-vm-12696","CAPPWPV002","4096","2",
"VirtualMachine-vm-12785","LSSHFPV001","2048","2",
"VirtualMachine-vm-16467","LELAKIV007","8192","4",
"VirtualMachine-vm-10915","CELASTV002","12288","2",
"VirtualMachine-vm-13868","RMYQMAV001","2048","2",
"VirtualMachine-vm-15427","CELAKIV002","12288","2",
"VirtualMachine-vm-10246","THADFFV002","2048","2",
"VirtualMachine-vm-15123","RAPPBXV005","4096","2",
"VirtualMachine-vm-10162","TAPPBIV001","4096","2",
"VirtualMachine-vm-14555","LAPPMAV008","16384","6",
"VirtualMachine-vm-14687","RELAVMV003","12288","2",
"VirtualMachine-vm-12502","TENMXSV001","2048","2",
"VirtualMachine-vm-12689","TAPPPDV004","2048","2",
"VirtualMachine-vm-12711","LAPPMWV001","16384","6",
"VirtualMachine-vm-12963","DPUPPBV001","6144","2",
"VirtualMachine-vm-16334","LMYQBXV005","4096","2",
"VirtualMachine-vm-16408","LAPPWPV002","4096","2",
"VirtualMachine-vm-9563","CMYQBXV001","4096","2",
"VirtualMachine-vm-11018","CAPPCMV001","4096","2",
"VirtualMachine-vm-11885","LAPPCMV002","4096","2",
"VirtualMachine-vm-9381","LAPPSTV001","4096","2",
"VirtualMachine-vm-15981","RMYQBXV005","4096","2",
"VirtualMachine-vm-15125","RMYQBXV002","4096","2",
"VirtualMachine-vm-15133","LMYQBXV002","4096","2",
"VirtualMachine-vm-23042","LELAKIV011","8192","4",
"VirtualMachine-vm-23043","LELAKIV012","8192","4",
"VirtualMachine-vm-10077","TPUPDBV001","8192","2",
"VirtualMachine-vm-11640","LMYQYTV002","2048","2",
"VirtualMachine-vm-13369","DMYQTCV002","8192","2",
"VirtualMachine-vm-9383","LMYQSTV001","4096","2",
"VirtualMachine-vm-13867","RAPPMAV002","4096","2",
"VirtualMachine-vm-15426","CELAKIV001","12288","2",
"VirtualMachine-vm-15428","CELAKIV003","12288","2",
"VirtualMachine-vm-15846","LELAKIV003","8192","4",
"VirtualMachine-vm-15130","LAPPBXV005","4096","2",
"VirtualMachine-vm-10249","THADJSV001","4096","2",
"VirtualMachine-vm-10252","THADMGV003","4096","2",
"VirtualMachine-vm-10150","TAPPPDV001","2048","2",
"VirtualMachine-vm-14554","LAPPMAV007","16384","6",
"VirtualMachine-vm-16958","LAPPWCV001","4096","2",
"VirtualMachine-vm-16959","LMYQWCV001","4096","2",
"VirtualMachine-vm-16463","MBPC07V002","4096","2",
"VirtualMachine-vm-11429","BAPPIPV003","8192","4",
"VirtualMachine-vm-11431","BAPPSOV003","3072","2",
"VirtualMachine-vm-11442","BWEBAMV001","3072","2",
"VirtualMachine-vm-13741","BDNSASV001","3072","1",
"VirtualMachine-vm-15552","LAPPSATR001","4096","2",
"VirtualMachine-vm-13439","2fast-local-3","32768","12",
"VirtualMachine-vm-13440","2fast-local-4","32768","12",
"VirtualMachine-vm-11428","BAPPSOV002","2048","2",
"VirtualMachine-vm-13437","2fast-local-1","32768","12",
"VirtualMachine-vm-13438","2fast-local-2","32768","12",
"VirtualMachine-vm-13441","2fast-local-5","32768","12",
"VirtualMachine-vm-11441","BAPPSOV004","3072","2",
"VirtualMachine-vm-16462","MBPC07V001","4096","2",
"VirtualMachine-vm-16103","LORADWV001","4096","2",
"VirtualMachine-vm-2800","CORASBV001","12288","2",
"VirtualMachine-vm-2821","DORAMAV003","16384","2",
"VirtualMachine-vm-4563","LORASBV002","24576","4",
"VirtualMachine-vm-523","LORAADV001","3072","2",
"VirtualMachine-vm-2403","DORASBV002","12288","2",
"VirtualMachine-vm-5440","LORATRV001","16384","4",
"VirtualMachine-vm-4565","LORASBV004","24576","4",
"VirtualMachine-vm-4568","LORASBV007","24576","4",
"VirtualMachine-vm-7155","LORATRV002","16384","4",
"VirtualMachine-vm-16101","DORADWV001","4096","2",
"VirtualMachine-vm-639","TORASBV001","8192","1",
"VirtualMachine-vm-637","TORAMAV002","4096","1",
"VirtualMachine-vm-6128","MBPC02V001","4096","1",
"VirtualMachine-vm-4564","LORASBV003","24576","4",
"VirtualMachine-vm-4572","LORASBV011","24576","4",
"VirtualMachine-vm-2392","CORASBV002","12288","2",
"VirtualMachine-vm-524","LORAADV002","3072","2",
"VirtualMachine-vm-635","TORAMAV001","4096","2",
"VirtualMachine-vm-2795","CORAMAV001","16384","2",
"VirtualMachine-vm-2826","DORASBV003","12288","2",
"VirtualMachine-vm-4567","LORASBV006","24576","4",
"VirtualMachine-vm-2391","CORAMAV002","16384","2",
"VirtualMachine-vm-2399","DORAMAV002","16384","2",
"VirtualMachine-vm-2912","LORASBV001","24576","4",
"VirtualMachine-vm-6127","MBPC02V002","4096","1",
"VirtualMachine-vm-4566","LORASBV005","24576","4",
"VirtualMachine-vm-641","TORASBV002","8192","1",
"VirtualMachine-vm-11217","LWEBIDV005","16384","8",
"VirtualMachine-vm-10326","DWEBPTV001","4096","4",
"VirtualMachine-vm-11832","OAPPPRV001","8192","2",
"VirtualMachine-vm-5164","EnteoTest1","4096","2",
"VirtualMachine-vm-5165","EnteoTest2","4096","2",
"VirtualMachine-vm-9321","DWEBPSV001","16384","8",
"VirtualMachine-vm-9481","LWEBCTV006","16384","8",
"VirtualMachine-vm-21305","OSQLTSV002","4096","2",
"VirtualMachine-vm-22608","LWEBEWV001","16384","8",
"VirtualMachine-vm-19436","OW2K12V003","8192","4",
"VirtualMachine-vm-20636","DTSTPUV002","8192","2",
"VirtualMachine-vm-19603","LWEBAIV001","8192","4",
"VirtualMachine-vm-24010","LWEBEWV008","16384","6",
"VirtualMachine-vm-9905","ldcoasb101","4096","1",
"VirtualMachine-vm-3701","LFTPMAR001","4096","4",
"VirtualMachine-vm-8739","LWEBDIV002","16384","8",
"VirtualMachine-vm-12363","DAPPPPV002","8192","4",
"VirtualMachine-vm-11209","DWEBIDV001","16384","4",
"VirtualMachine-vm-3866","LAPPSMV001","4096","4",
"VirtualMachine-vm-8756","RAPPMJV001","16384","8",
"VirtualMachine-vm-13853","LAPPPJV001","16384","8",
"VirtualMachine-vm-20640","DTSTPUV005","8192","2",
"VirtualMachine-vm-22606","RWEBEWV001","16384","8",
"VirtualMachine-vm-6120","MBPC04V001","4096","1",
"VirtualMachine-vm-24278","CAPPDSV001","16384","8",
"VirtualMachine-vm-26692","OAPPVOV001","4096","2",
"VirtualMachine-vm-26693","LAPPVOV001","4096","2",
"VirtualMachine-vm-27156","RWEBSMV003","8192","4",
"VirtualMachine-vm-9901","ldcosvb101","4096","1",
"VirtualMachine-vm-3802","LFTPMPR001","8192","1",
"VirtualMachine-vm-8754","LAPPMJV001","16384","8",
"VirtualMachine-vm-9326","RWEBPSV002","16384","8",
"VirtualMachine-vm-11619","LWEBADV009","16384","8",
"VirtualMachine-vm-13642","LWEBNSV004","16384","8",
"VirtualMachine-vm-19727","OTSTW7V001","4096","2",
"VirtualMachine-vm-27401","LCDNPIV009","16384","6",
"VirtualMachine-vm-4362","OWEBSPV001_copy","8192","4",
"VirtualMachine-vm-8729","CWEBDIV001","16384","8",
"VirtualMachine-vm-8740","LWEBDIV003","16384","8",
"VirtualMachine-vm-8741","LWEBDIV004","16384","8",
"VirtualMachine-vm-8753","RAPPMJV002","16384","8",
"VirtualMachine-vm-3933","LAPPJOV002","16384","4",
"VirtualMachine-vm-11220","LWEBIDV008","16384","8",
"VirtualMachine-vm-13652","LWEBVCV005","16384","8",
"VirtualMachine-vm-27737","DUILIBV002","4096","2",
"VirtualMachine-vm-19607","RAPPAIV001","8192","4",
"VirtualMachine-vm-24815","CTSTWOV001","8192","4",
"VirtualMachine-vm-7078","LDCOWSB101","4096","1",
"VirtualMachine-vm-4904","LAPPBAV007","4096","1",
"VirtualMachine-vm-25356","OAPPPPV003","4096","2",
"VirtualMachine-vm-3695","LAPPSFV001","4096","2",
"VirtualMachine-vm-3909","LAPPSMV002","4096","4",
"VirtualMachine-vm-8162","LAPPJOR002","4096","2",
"VirtualMachine-vm-8749","DAPPMJV001","16384","8",
"VirtualMachine-vm-11216","LWEBIDV004","16384","8",
"VirtualMachine-vm-9759","ldcoopb201","4096","1",
"VirtualMachine-vm-20564","LAPPDJV001","8192","4",
"VirtualMachine-vm-20638","DTSTPUV004","8192","2",
"VirtualMachine-vm-4909","LAPPBAV012","4096","1",
"VirtualMachine-vm-9833","ldcosvb102","4096","1",
"VirtualMachine-vm-4375","OAPPSPV002_copy","8192","4",
"VirtualMachine-vm-11218","LWEBIDV006","16384","8",
"VirtualMachine-vm-11614","LWEBADV004","16384","8",
"VirtualMachine-vm-21025","DWEBEWV002","16384","8",
"VirtualMachine-vm-20554","CAPPDJV001","8192","4",
"VirtualMachine-vm-4905","LAPPBAV008","4096","1",
"VirtualMachine-vm-9899","ldcoopb101","4096","1",
"VirtualMachine-vm-8745","LWEBDIV008","16384","8",
"VirtualMachine-vm-10720","MDCOMGR002","2048","1",
"VirtualMachine-vm-9104","CWEBPSV001","16384","8",
"VirtualMachine-vm-13651","LWEBVCV004","16384","8",
"VirtualMachine-vm-11623","LWEBADV013","16384","8",
"VirtualMachine-vm-19291","MAPPJSV001","8192","2",
"VirtualMachine-vm-22677","OWSECSV001","8192","4",
"VirtualMachine-vm-24801","ODSMMAV001","4096","2",
"VirtualMachine-vm-25164","OAPPAMV003","8192","2",
"VirtualMachine-vm-25349","DDEVVMV001","8192","2",
"VirtualMachine-vm-9760","ldcosvb201","4096","1",
"VirtualMachine-vm-14610","CAPPNJV001","16384","8",
"VirtualMachine-vm-8737","RWEBDIV001","16384","8",
"VirtualMachine-vm-11211","RWEBIDV001","16384","8",
"VirtualMachine-vm-9323","DWEBPSV002","16384","8",
"VirtualMachine-vm-9485","LWEBCTV004","16384","8",
"VirtualMachine-vm-20275","ODSMDBV001","16384","4",
"VirtualMachine-vm-22690","LWEBRPV001","8192","4",
"VirtualMachine-vm-27159","RWEBSMV002","8192","4",
"VirtualMachine-vm-3982","LAPPRER003","32768","8",
"VirtualMachine-vm-4367","OSQLCLR006","8192","2",
"VirtualMachine-vm-4378","OAPPSPV001_copy","8192","4",
"VirtualMachine-vm-4379","OSQLCLR005","8192","2",
"VirtualMachine-vm-8570","LCDNCPV003","16384","8",
"VirtualMachine-vm-10327","DWEBPTV002","4096","4",
"VirtualMachine-vm-9393","LWEBPSV002","16384","8",
"VirtualMachine-vm-15621","DSQLBIV002","32768","4",
"VirtualMachine-vm-20637","DTSTPUV003","8192","2",
"VirtualMachine-vm-25161","CAPPSMV001","4096","2",
"VirtualMachine-vm-3656","LAPPBAV003","4096","1",
"VirtualMachine-vm-3948","LFTPMPR002","8192","2",
"VirtualMachine-vm-8746","RWEBDIV002","16384","8",
"VirtualMachine-vm-13629","CAPPPJV001","16384","8",
"VirtualMachine-vm-11618","LWEBADV008","16384","8",
"VirtualMachine-vm-20108","LAPPWTV001","4096","2",
"VirtualMachine-vm-25153","DTCBAGV004","8192","12",
"VirtualMachine-vm-25282","CAPPSJV001","4096","2",
"VirtualMachine-vm-5964","LAPPMSV001","16384","8",
"VirtualMachine-vm-9888","ldcoasb102","4096","1",
"VirtualMachine-vm-13625","DSQLDYV001","4096","2",
"VirtualMachine-vm-21167","OEXCASV002","32768","4",
"VirtualMachine-vm-11625","LWEBADV015","16384","8",
"VirtualMachine-vm-19000","OW2K12V006","4096","2",
"VirtualMachine-vm-10239","CWEBDEV002","16384","8",
"VirtualMachine-vm-22689","RWEBRPV001","8192","4",
"VirtualMachine-vm-24406","OW2K12V005","8192","2",
"VirtualMachine-vm-27160","RWEBSMV004","8192","4",
"VirtualMachine-vm-27318","OJOBSEV001","8192","2",
"VirtualMachine-vm-4899","LAPPBAV005","4096","1",
"VirtualMachine-vm-9832","ldcoopb102","4096","1",
"VirtualMachine-vm-9900","ldcolib102","3072","1",
"VirtualMachine-vm-23418","LWEBFBV001","8192","4",
"VirtualMachine-vm-3634","LAPPBAV004","4096","1",
"VirtualMachine-vm-9399","LWEBPSV008","16384","8",
"VirtualMachine-vm-8755","LAPPMJV002","16384","8",
"VirtualMachine-vm-11624","LWEBADV014","16384","8",
"VirtualMachine-vm-18906","OAPPLMV001","8192","4",
"VirtualMachine-vm-6121","MBPC04V002","4096","1",
"VirtualMachine-vm-19600","RWEBAIV001","8192","4",
"VirtualMachine-vm-19608","LAPPAIV001","8192","4",
"VirtualMachine-vm-25159","CADMSMV001","4096","2",
"VirtualMachine-vm-7280","ADtoLINUX001","2048","1",
"VirtualMachine-vm-27162","RADMSMV001","4096","2",
"VirtualMachine-vm-9841","ldcolib202","4096","1",
"VirtualMachine-vm-3623","LAPPJOR001","3072","4",
"VirtualMachine-vm-3665","LWEBTST111","4096","2",
"VirtualMachine-vm-11215","LWEBIDV003","16384","8",
"VirtualMachine-vm-14109","LWEBNWV001","16384","8",
"VirtualMachine-vm-11613","LWEBADV003","16384","8",
"VirtualMachine-vm-22611","LWEBEWV003","16384","8",
"VirtualMachine-vm-5295","LWEBABV001","16384","8",
"VirtualMachine-vm-20562","DDEVVMV003","8192","2",
"VirtualMachine-vm-24934","OAPPPPV002","4096","2",
"VirtualMachine-vm-25157","CWEBSMV002","8192","4",
"VirtualMachine-vm-9842","ldcoasb202","4096","1",
"VirtualMachine-vm-3648","LAPPRER001","8192","2",
"VirtualMachine-vm-8574","LCDNCPV001","16384","8",
"VirtualMachine-vm-9544","LWEBCTV008","16384","8",
"VirtualMachine-vm-13650","LWEBVCV003","16384","8",
"VirtualMachine-vm-13727","CTSTPJV001","16384","8",
"VirtualMachine-vm-20838","DSQLBIV004","32768","4",
"VirtualMachine-vm-20282","ODFSNSV002","4096","2",
"VirtualMachine-vm-24282","CAPPDFV001","4096","2",
"VirtualMachine-vm-26772","OAPPLIV002","4096","2",
"VirtualMachine-vm-4908","LAPPBAV011","4096","1",
"VirtualMachine-vm-3953","LFTPDLV002","4096","2",
"VirtualMachine-vm-12278","MTSMOCV001","16384","2",
"VirtualMachine-vm-11627","LWEBADV001","16384","8",
"VirtualMachine-vm-18907","OAPPLMV002","8192","4",
"VirtualMachine-vm-10235","LWEBPSV004","16384","8",
"VirtualMachine-vm-24263","DAPPQAV216","4096","2",
"VirtualMachine-vm-6632","TESTHAPC402","1024","2",
"VirtualMachine-vm-26611","DDEVVMV002","8192","2",
"VirtualMachine-vm-27155","RWEBSMV001","8192","4",
"VirtualMachine-vm-4907","LAPPBAV010","4096","1",
"VirtualMachine-vm-9904","ldcolib101","4096","1",
"VirtualMachine-vm-23410","CWEBFBV001","8192","4",
"VirtualMachine-vm-8744","LWEBDIV007","16384","8",
"VirtualMachine-vm-13620","OSPLNKV001","8192","4",
"VirtualMachine-vm-9758","ldcolib201","4096","1",
"VirtualMachine-vm-11213","LWEBIDV001","16384","8",
"VirtualMachine-vm-13641","LWEBNSV003","16384","8",
"VirtualMachine-vm-21024","DWEBEWV001","16384","8",
"VirtualMachine-vm-22605","RWEBEWV002","16384","8",
"VirtualMachine-vm-27736","DUILIBV001","4096","2",
"VirtualMachine-vm-20635","DTSTPUV001","8192","2",
"VirtualMachine-vm-25152","DTCBAGV002","8192","12",
"VirtualMachine-vm-4903","LAPPBAV006","4096","1",
"VirtualMachine-vm-25343","OTSTW7V010","4096","2",
"VirtualMachine-vm-11219","LWEBIDV007","16384","8",
"VirtualMachine-vm-3857","LAPPJOV001","16384","4",
"VirtualMachine-vm-9757","ldcoasb201","4096","1",
"VirtualMachine-vm-11834","CWEBPBV001","16384","8",
"VirtualMachine-vm-9324","RWEBPSV001","16384","8",
"VirtualMachine-vm-20639","DTSTPUV006","8192","2",
"VirtualMachine-vm-19604","LWEBAIV002","8192","4",
"VirtualMachine-vm-20280","OFILESV001","8192","2",
"VirtualMachine-vm-22686","DWEBRPV001","8192","4",
"VirtualMachine-vm-24007","LWEBEWV005","16384","6",
"VirtualMachine-vm-24014","DTCBAGV001","8192","12",
"VirtualMachine-vm-14613","LAPPNJV001","16384","8",
"VirtualMachine-vm-3633","LAPPBAV001","4096","1",
"VirtualMachine-vm-11214","LWEBIDV002","16384","8",
"VirtualMachine-vm-3864","LAPPJOV003","16384","4",
"VirtualMachine-vm-11212","RWEBIDV002","16384","8",
"VirtualMachine-vm-11830","DWEBPTV003","4096","4",
"VirtualMachine-vm-9394","LWEBPSV003","16384","8",
"VirtualMachine-vm-11620","LWEBADV010","16384","8",
"VirtualMachine-vm-13718","LWEBVCV002","16384","8",
"VirtualMachine-vm-21022","CWEBEWV001","16384","8",
"VirtualMachine-vm-19601","RWEBAIV002","8192","4",
"VirtualMachine-vm-25233","OAPPDPV001","8192","1",
"VirtualMachine-vm-9771","ldcosvb202","4096","1",
"VirtualMachine-vm-10922","OEXMBXV001","98304","8",
"VirtualMachine-vm-11626","LWEBADV016","16384","8",
"VirtualMachine-vm-24009","LWEBEWV007","16384","6",
"VirtualMachine-vm-13636","RAPPPJV002","16384","8",
"VirtualMachine-vm-9474","LWEBCTV003","16384","8",
"VirtualMachine-vm-14173","DRDPITV001","8192","2",
"VirtualMachine-vm-9477","LWEBCTV001","16384","8",
"VirtualMachine-vm-11622","LWEBADV012","16384","8",
"VirtualMachine-vm-20556","DAPPDJV001","8192","4",
"VirtualMachine-vm-861","RWEBADV001","8192","2",
"VirtualMachine-vm-20281","ODFSNSV001","4096","2",
"VirtualMachine-vm-6406","RWEBADV002","8192","2",
"VirtualMachine-vm-25733","DAPPPPV005","4096","2",
"VirtualMachine-vm-3707","LAPPBAV002","4096","1",
"VirtualMachine-vm-8576","LCDNCPV004","16384","8",
"VirtualMachine-vm-14106","CWEBNWV001","16384","8",
"VirtualMachine-vm-9396","LWEBPSV005","16384","8",
"VirtualMachine-vm-9398","LWEBPSV007","16384","8",
"VirtualMachine-vm-25732","DAPPPPV004","4096","2",
"VirtualMachine-vm-5967","LAPPMSV003","16384","8",
"VirtualMachine-vm-9770","ldcoopb202","4096","1",
"VirtualMachine-vm-4369","HPInsideControlVM","4096","1",
"VirtualMachine-vm-3837","LFTPDLV001","4096","2",
"VirtualMachine-vm-11070","LTEROPV001","16384","4",
"VirtualMachine-vm-13637","LAPPPJV002","16384","8",
"VirtualMachine-vm-13648","LWEBVCV001","16384","8",
"VirtualMachine-vm-13654","CWEBNSV001","16384","8",
"VirtualMachine-vm-22610","LWEBEWV004","16384","8",
"VirtualMachine-vm-5347","LWEBABV002","16384","8",
"VirtualMachine-vm-24280","DAPPDSV001","16384","8",
"VirtualMachine-vm-24877","DAPPPPV003","4096","2",
"VirtualMachine-vm-25156","CWEBSMV001","8192","4",
"VirtualMachine-vm-4365","OWEBSPV002_copy","8192","4",
"VirtualMachine-vm-25342","OTSTW7V003","4096","2",
"VirtualMachine-vm-4382","ADtoLINUX002","2048","1",
"VirtualMachine-vm-8571","LCDNCPV007","16384","8",
"VirtualMachine-vm-8742","LWEBDIV005","16384","8",
"VirtualMachine-vm-9486","LWEBCTV007","16384","8",
"VirtualMachine-vm-10923","OEXCASV001","32768","4",
"VirtualMachine-vm-11205","CWEBIDV001","16384","8",
"VirtualMachine-vm-9397","LWEBPSV006","16384","8",
"VirtualMachine-vm-11612","LWEBADV002","16384","8",
"VirtualMachine-vm-6626","TESTHAPC401","1024","2",
"VirtualMachine-vm-4360","FORMS","4096","2",
"VirtualMachine-vm-13634","RAPPPJV001","16384","8",
"VirtualMachine-vm-11615","LWEBADV005","16384","8",
"VirtualMachine-vm-15915","DDEVBWV001","8192","4",
"VirtualMachine-vm-20558","RAPPDJV001","8192","4",
"VirtualMachine-vm-22684","CWEBRPV001","8192","4",
"VirtualMachine-vm-24285","DAPPDFV001","4096","2",
"VirtualMachine-vm-24286","CAPPDSV002","16384","8",
"VirtualMachine-vm-26610","DAPPZAV001","8192","2",
"VirtualMachine-vm-26613","OAPPAVV001","4096","2",
"VirtualMachine-vm-9547","LWEBDIV006","16384","8",
"VirtualMachine-vm-11210","DWEBIDV002","16384","8",
"VirtualMachine-vm-9480","LWEBCTV005","16384","8",
"VirtualMachine-vm-9484","LWEBCTV002","16384","8",
"VirtualMachine-vm-22609","LWEBEWV002","16384","8",
"VirtualMachine-vm-11621","LWEBADV011","16384","8",
"VirtualMachine-vm-20357","ODSMSAV001","4096","2",
"VirtualMachine-vm-24996","MAPPPPV002","4096","2",
"VirtualMachine-vm-7103","LDCOWSB201","4096","1",
"VirtualMachine-vm-14612","LAPPNJV002","16384","8",
"VirtualMachine-vm-3951","LAPPJOV004","16384","4",
"VirtualMachine-vm-8577","LCDNCPV006","16384","8",
"VirtualMachine-vm-8747","LWEBDIV001","16384","8",
"VirtualMachine-vm-14110","LWEBNWV002","16384","8",
"VirtualMachine-vm-13653","LWEBVCV006","16384","8",
"VirtualMachine-vm-24486","DSQLTSV001","8192","2",
"VirtualMachine-vm-24008","LWEBEWV006","16384","6",
"VirtualMachine-vm-27402","LCDNPIV010","16384","6",
"VirtualMachine-vm-4357","TAPPEXV001","8192","2",
"VirtualMachine-vm-4906","LAPPBAV009","4096","1",
"VirtualMachine-vm-2925","RWEBSTV001","4096","2",
"VirtualMachine-vm-17219","LHADFAV003","16384","4",
"VirtualMachine-vm-27433","LCDNWSV005","8192","4",
"VirtualMachine-vm-5418","RMYQWPV001","4096","2",
"VirtualMachine-vm-20699","OAPPOCV001","4096","2",
"VirtualMachine-vm-4990","RPUPPMV001","8192","4",
"VirtualMachine-vm-26191","DAPPBIV005","16384","6",
"VirtualMachine-vm-4841","LTALEXV001","8192","2",
"VirtualMachine-vm-17132","LELAVMV018","12288","6",
"VirtualMachine-vm-23846","LAPPBIV004","16384","6",
"VirtualMachine-vm-8733","DAPPL7V001","4096","2",
"VirtualMachine-vm-8734","DAPPL7V002","4096","2",
"VirtualMachine-vm-745","LAPPADV001","4096","2",
"VirtualMachine-vm-3749","DORACRV001","1024","2",
"VirtualMachine-vm-21096","LPRXVAV001","8192","2",
"VirtualMachine-vm-20195","TPUPPDV101","8192","2",
"VirtualMachine-vm-22681","CMGRSMV003","1024","1",
"VirtualMachine-vm-4842","LTALDBV001","4096","2",
"VirtualMachine-vm-6046","CHADFFV002","4096","2",
"VirtualMachine-vm-14817","LELAVMV006","24576","6",
"VirtualMachine-vm-8328","CELANSV001","12288","2",
"VirtualMachine-vm-17221","TMGOPDV001","2048","2",
"VirtualMachine-vm-5193","LHADDBV002","8192","2",
"VirtualMachine-vm-5246","LHADHSV002","12288","2",
"VirtualMachine-vm-4619","LNCISSV001","2048","4",
"VirtualMachine-vm-4988","DPUPDBV001","8192","2",
"VirtualMachine-vm-26307","LMGRSMV002","16384","2",
"VirtualMachine-vm-27426","LCDNCSV002","32768","2",
"VirtualMachine-vm-27425","LCDNCSV001","32768","2",
"VirtualMachine-vm-5935","DAPPBIV003","32768","8",
"VirtualMachine-vm-3006","LWEBAMV001","3072","2",
"VirtualMachine-vm-3742","LDDBISV001","16384","8",
"VirtualMachine-vm-8735","DAPPL7V003","4096","2",
"VirtualMachine-vm-730","LAPPADV003","4096","2",
"VirtualMachine-vm-7741","CJOBMAV001","2048","2",
"VirtualMachine-vm-15486","DNETWFW002","4096","1",
"VirtualMachine-vm-6057","CHADCNV004","6144","2",
"VirtualMachine-vm-6312","LAPPBXV002","2048","1",
"VirtualMachine-vm-4991","RPUPDBV001","8192","2",
"VirtualMachine-vm-5062","RAPPIAV001","1024","1",
"VirtualMachine-vm-5937","DNFSBIV001","4096","1",
"VirtualMachine-vm-6052","CHADMGV002","8192","2",
"VirtualMachine-vm-23912","RHADFFV001","2048","2",
"VirtualMachine-vm-23936","RHADDBV001","4096","2",
"VirtualMachine-vm-3747","CORACRV001","3072","2",
"VirtualMachine-vm-27424","LCDNDSV002","4096","4",
"VirtualMachine-vm-27432","LCDNWSV004","8192","4",
"VirtualMachine-vm-5607","LHADFFV001","32768","4",
"VirtualMachine-vm-8033","DPUPDBV101","8192","2",
"VirtualMachine-vm-749","LWEBAMV002","3072","2",
"VirtualMachine-vm-7157","CORABIV001","2048","2",
"VirtualMachine-vm-622","DAPPBDV002","8192","2",
"VirtualMachine-vm-6597","LMYQMAV004","16384","6",
"VirtualMachine-vm-4850","OMYQJIV001","4096","2",
"VirtualMachine-vm-17214","LHADFFV006","32768","4",
"VirtualMachine-vm-5163","RELADEV001","32768","4",
"VirtualMachine-vm-5777","LPUPPMV001","16384","6",
"VirtualMachine-vm-5934","DAPPBIV002","32768","8",
"VirtualMachine-vm-2381","LMYQMTV002","32768","8",
"VirtualMachine-vm-17209","LHADFFV005","32768","4",
"VirtualMachine-vm-5161","CELADEV001","12288","4",
"VirtualMachine-vm-8034","RPUPPMV101","8192","2",
"VirtualMachine-vm-2378","LAPPARV001","4096","2",
"VirtualMachine-vm-8948","DRMQASV001","2048","2",
"VirtualMachine-vm-21097","LPRXVAV002","8192","2",
"VirtualMachine-vm-27431","LCDNWSV003","8192","4",
"VirtualMachine-vm-8037","LPUPDBV101","8192","2",
"VirtualMachine-vm-6058","CHADCNV005","6144","2",
"VirtualMachine-vm-24997","RMGRSMV002","8192","2",
"VirtualMachine-vm-23937","OTSTWTV002","2048","1",
"VirtualMachine-vm-26190","DAPPBIV004","16384","6",
"VirtualMachine-vm-649","QAPPL7V003","3072","2",
"VirtualMachine-vm-26186","CAPPBIV004","16384","6",
"VirtualMachine-vm-6042","CHADDBV002","2048","2",
"VirtualMachine-vm-6051","CHADMGV001","8192","2",
"VirtualMachine-vm-23914","RHADCNV001","8192","2",
"VirtualMachine-vm-23931","RHADMGV002","6144","2",
"VirtualMachine-vm-17222","TMGRPDV006","2048","2",
"VirtualMachine-vm-3756","RORACRV001","4096","2",
"VirtualMachine-vm-687","LAPPL7V006","4096","2",
"VirtualMachine-vm-5520","RTALADV001","8192","2",
"VirtualMachine-vm-812","DAPPADV002","2048","2",
"VirtualMachine-vm-620","DAPPB4V001","6144","4",
"VirtualMachine-vm-4577","RAPPARV001","2048","1",
"VirtualMachine-vm-4578","RMYQARV001","4096","1",
"VirtualMachine-vm-5883","TORAPDV003","8192","2",
"VirtualMachine-vm-27404","DTSTDMV001","2048","1",
"VirtualMachine-vm-5913","CRMQASV002","2048","1",
"VirtualMachine-vm-26198","LAPPBIV005","16384","6",
"VirtualMachine-vm-5059","LAPPIAV001","2048","2",
"VirtualMachine-vm-6053","CHADMGV003","6144","2",
"VirtualMachine-vm-17486","TRMQASV002","2048","2",
"VirtualMachine-vm-23926","RHADFAV001","2048","2",
"VirtualMachine-vm-2379","LMYQARV001","8192","2",
"VirtualMachine-vm-8030","CPUPPMV101","8192","2",
"VirtualMachine-vm-8946","RRMQASV001","2048","2",
"VirtualMachine-vm-27430","LCDNWSV002","8192","4",
"VirtualMachine-vm-27435","LCDNWSV007","8192","4",
"VirtualMachine-vm-2807","DMGRSMV002","4096","2",
"VirtualMachine-vm-19664","TORAPTV003","8192","2",
"VirtualMachine-vm-24932","OMYQCVV001","8192","2",
"VirtualMachine-vm-26200","LAPPBIV006","16384","6",
"VirtualMachine-vm-5063","RAPPIAV002","1024","1",
"VirtualMachine-vm-17130","LELAVMV016","12288","6",
"VirtualMachine-vm-16901","LELAVMV014","12288","6",
"VirtualMachine-vm-16902","LELAVMV012","12288","6",
"VirtualMachine-vm-7750","CMYQMAV001","2048","2",
"VirtualMachine-vm-17220","TMGRPDV004","2048","2",
"VirtualMachine-vm-27429","LCDNWSV001","8192","4",
"VirtualMachine-vm-6056","CHADCNV003","6144","2",
"VirtualMachine-vm-24554","OMGOATV001","16384","2",
"VirtualMachine-vm-5912","CRMQASV001","2048","1",
"VirtualMachine-vm-673","LAPPL7V005","4096","2",
"VirtualMachine-vm-8329","LELANSV001","12288","2",
"VirtualMachine-vm-10967","LAPPSATR301","4096","4",
"VirtualMachine-vm-5173","LHADMGV101","16384","4",
"VirtualMachine-vm-21098","LPRXVAV003","8192","2",
"VirtualMachine-vm-27428","LCDNCSV004","32768","2",
"VirtualMachine-vm-5608","LHADFFV002","32768","4",
"VirtualMachine-vm-8036","LPUPPMV101","12288","6",
"VirtualMachine-vm-5175","LHADMGV103","16384","4",
"VirtualMachine-vm-5430","RTALEXV001","8192","2",
"VirtualMachine-vm-5605","LHADFAV001","16384","4",
"VirtualMachine-vm-6124","MBPC03V002","4096","1",
"VirtualMachine-vm-26201","LNFSBIV002","4096","2",
"VirtualMachine-vm-4994","LPUPDBV001","8192","2",
"VirtualMachine-vm-5060","LAPPIAV002","2048","2",
"VirtualMachine-vm-6049","CHADJSV001","6144","2",
"VirtualMachine-vm-23913","RHADCNV003","8192","2",
"VirtualMachine-vm-5776","DPUPPMV001","16384","6",
"VirtualMachine-vm-5186","OAPPJTV001","8192","2",
"VirtualMachine-vm-7739","CAPPMAV001","2048","2",
"VirtualMachine-vm-7743","CERRMAV001","2048","2",
"VirtualMachine-vm-8032","DPUPPMV101","8192","2",
"VirtualMachine-vm-18427","TMYQPDV003","2048","2",
"VirtualMachine-vm-6311","LAPPBXV001","2048","1",
"VirtualMachine-vm-22682","CMGRSMV001","4096","2",
"VirtualMachine-vm-24556","ODNSMAV001","2048","1",
"VirtualMachine-vm-24816","CPRXVAV002","8192","2",
"VirtualMachine-vm-25229","TAMQASV001","4096","2",
"VirtualMachine-vm-7753","CMYQMAV002","2048","2",
"VirtualMachine-vm-7747","CRMQMAV001","2048","2",
"VirtualMachine-vm-5609","LHADFFV003","32768","4",
"VirtualMachine-vm-19166","LHADFEV002","16384","2",
"VirtualMachine-vm-20700","OAPPOCV002","4096","2",
"VirtualMachine-vm-22961","MNETCAV001","4096","2",
"VirtualMachine-vm-24998","RMGRSMV003","4096","1",
"VirtualMachine-vm-4860","DTALDBV001","4096","2",
"VirtualMachine-vm-23916","RHADHSV001","2048","2",
"VirtualMachine-vm-3746","LORACRV001","4096","4",
"VirtualMachine-vm-5192","LHADDBV001","8192","2",
"VirtualMachine-vm-27423","LCDNDSV001","4096","4",
"VirtualMachine-vm-20701","OMYQOCV001","4096","2",
"VirtualMachine-vm-22680","CMGRSMV002","4096","2",
"VirtualMachine-vm-5880","LELADEV001","12288","4",
"VirtualMachine-vm-6314","LMYQBXV001","8192","2",
"VirtualMachine-vm-26280","LAPPWPV003","4096","2",
"VirtualMachine-vm-6047","CHADHSV001","4096","2",
"VirtualMachine-vm-14819","LELAVMV008","12288","6",
"VirtualMachine-vm-23928","RHADCNV002","8192","2",
"VirtualMachine-vm-17216","LHADFFV007","32768","4",
"VirtualMachine-vm-21092","DPRXVAV001","8192","2",
"VirtualMachine-vm-675","LAPPL7V003","4096","2",
"VirtualMachine-vm-5606","LHADFAV002","16384","4",
"VirtualMachine-vm-19165","LHADFEV001","16384","2",
"VirtualMachine-vm-6054","CHADCNV001","6144","2",
"VirtualMachine-vm-23930","RHADMGV001","6144","2",
"VirtualMachine-vm-8031","CPUPDBV101","8192","2",
"VirtualMachine-vm-729","LAPPADV004","4096","2",
"VirtualMachine-vm-5654","LHADJSV102","32768","8",
"VirtualMachine-vm-20703","CPRXVAV001","8192","2",
"VirtualMachine-vm-6498","LMYQMAV002","16384","6",
"VirtualMachine-vm-610","QAPPL7V001","4096","2",
"VirtualMachine-vm-7752","CMYQMTV001","2048","2",
"VirtualMachine-vm-7754","CMYQMTV002","2048","2",
"VirtualMachine-vm-7742","CJOBMAV002","2048","2",
"VirtualMachine-vm-15485","DNETWFW001","4096","1",
"VirtualMachine-vm-744","LMYQADV001","8192","2",
"VirtualMachine-vm-5652","LHADJSV101","2048","2",
"VirtualMachine-vm-2699","DMGRSMV003","512","1",
"VirtualMachine-vm-24994","RMGRSMV001","8192","2",
"VirtualMachine-vm-5779","LPSQISV001","16384","8",
"VirtualMachine-vm-26187","CNFSBIV002","4096","2",
"VirtualMachine-vm-26202","CAPPBIV005","16384","6",
"VirtualMachine-vm-26281","LMYQWPV003","4096","2",
"VirtualMachine-vm-26283","LMGRSMV003","4096","1",
"VirtualMachine-vm-6041","CHADDBV001","2048","2",
"VirtualMachine-vm-6055","CHADCNV002","6144","2",
"VirtualMachine-vm-23933","RHADMGV003","6144","2",
"VirtualMachine-vm-2380","LMYQMTV001","32768","8",
"VirtualMachine-vm-618","DAPPBDV003","3072","2",
"VirtualMachine-vm-7740","CAPPMAV002","2048","2",
"VirtualMachine-vm-8949","DRMQASV002","2048","2",
"VirtualMachine-vm-728","LAPPADV005","4096","2",
"VirtualMachine-vm-731","LMYQADV002","8192","2",
"VirtualMachine-vm-6123","MBPC03V001","4096","1",
"VirtualMachine-vm-4838","DTALEXV001","8192","2",
"VirtualMachine-vm-5943","DORABIV001","4096","2",
"VirtualMachine-vm-6050","CHADJSV002","6144","2",
"VirtualMachine-vm-23927","RHADFEV001","2048","2",
"VirtualMachine-vm-5162","DELADEV001","12288","4",
"VirtualMachine-vm-5174","LHADMGV102","16384","4",
"VirtualMachine-vm-21095","RPRXVAV001","8192","2",
"VirtualMachine-vm-6043","CHADFAV001","4096","2",
"VirtualMachine-vm-14815","LELAVMV004","12288","6",
"VirtualMachine-vm-17135","LELAVMV020","12288","6",
"VirtualMachine-vm-17485","TRMQASV001","2048","2",
"VirtualMachine-vm-23934","RHADMGV004","6144","2",
"VirtualMachine-vm-5763","LAPPBIV002","32768","12",
"VirtualMachine-vm-5610","LHADFFV004","32768","4",
"VirtualMachine-vm-6048","CHADHSV002","4096","2",
"VirtualMachine-vm-23908","TPRXVAV002","8192","2",
"VirtualMachine-vm-17217","LHADFFV008","32768","4",
"VirtualMachine-vm-21099","LPRXVAV004","8192","2",
"VirtualMachine-vm-689","LAPPL7V004","4096","2",
"VirtualMachine-vm-8035","RPUPDBV101","8192","2",
"VirtualMachine-vm-20193","TPUPPDV102","8192","2",
"VirtualMachine-vm-4849","OAPPJIV001","12288","4",
"VirtualMachine-vm-7748","CRMQMAV002","2048","2",
"VirtualMachine-vm-17218","LHADFAV004","16384","4",
"VirtualMachine-vm-27427","LCDNCSV003","32768","2",
"VirtualMachine-vm-27436","LCDNWSV008","8192","4",
"VirtualMachine-vm-22885","OMONDBV001","4096","2",
"VirtualMachine-vm-671","LAPPBIV001","32768","12",
"VirtualMachine-vm-26192","DNFSBIV002","4096","2",
"VirtualMachine-vm-6044","CHADFAV002","4096","2",
"VirtualMachine-vm-4138","LMYQMDV001","4096","2",
"VirtualMachine-vm-5245","LHADHSV001","12288","2",
"VirtualMachine-vm-5522","RTALDBV001","4096","2",
"VirtualMachine-vm-819","DMYQADV001","4096","2",
"VirtualMachine-vm-631","QAPPL7V002","4096","2",
"VirtualMachine-vm-23938","RHADJSV001","4096","2",
"VirtualMachine-vm-6045","CHADFFV001","4096","2",
"VirtualMachine-vm-16898","LELAVMV010","12288","6",
"VirtualMachine-vm-17137","LELAVMV022","12288","6",
"VirtualMachine-vm-27434","LCDNWSV006","8192","4",
"VirtualMachine-vm-742","LAPPADV002","4096","2",
"VirtualMachine-vm-5417","RAPPWPV001","4096","2",
"VirtualMachine-vm-811","DAPPADV001","2048","2",
"VirtualMachine-vm-2698","DMGRSMV001","4096","2",
"VirtualMachine-vm-633","LNFSBIV001","4096","2",
"VirtualMachine-vm-7152","LORABIV002","4096","2",
"VirtualMachine-vm-26306","LMGRSMV001","16384","2",
"VirtualMachine-vm-4874","DTALADV001","8192","2",
"VirtualMachine-vm-17223","TMGRPDV005","2048","2",
"VirtualMachine-vm-3364","ZEUS","3456","1",
"VirtualMachine-vm-17715","OAPPFEV001","8192","2",
"VirtualMachine-vm-23935","RHADCMV001","6144","2",
"VirtualMachine-vm-5112","RELASIV001","12288","4",
"VirtualMachine-vm-8947","RRMQASV002","2048","2",
"VirtualMachine-vm-21307","TPRXVAV001","8192","2",
"VirtualMachine-vm-4840","LTALADV001","8192","2",
"VirtualMachine-vm-23599","OTSTWTV001","2048","1",
"VirtualMachine-vm-4483","LWEBDEV021","16384","8",
"VirtualMachine-vm-13231","LWEBDEV009","16384","8",
"VirtualMachine-vm-13378","LWEBDEV035","16384","8",
"VirtualMachine-vm-13223","LWEBDEV005","16384","8",
"VirtualMachine-vm-4093","LWEBITV007","16384","8",
"VirtualMachine-vm-13221","LWEBDEV003","16384","8",
"VirtualMachine-vm-7970","LWEBDEV013","16384","8",
"VirtualMachine-vm-18406","RWEBSEV002","16384","4",
"VirtualMachine-vm-17293","DAPPPJV001","16384","8",
"VirtualMachine-vm-18314","MBPC08V001","4096","1",
"VirtualMachine-vm-5084","LWEBBGV003","16384","8",
"VirtualMachine-vm-3946","LWEBFAV003","16384","8",
"VirtualMachine-vm-13144","LWEBPLV005","16384","8",
"VirtualMachine-vm-4543","LWEBNLV003","16384","8",
"VirtualMachine-vm-4545","LWEBBEV003","16384","8",
"VirtualMachine-vm-4248","LWEBSEV001","16384","4",
"VirtualMachine-vm-18275","CWEBALV001","16384","8",
"VirtualMachine-vm-7972","LWEBDEV015","16384","8",
"VirtualMachine-vm-7992","LWEBDEV047","16384","8",
"VirtualMachine-vm-6490","LWEBFAV007","16384","8",
"VirtualMachine-vm-17402","DWEBESV001","8192","2",
"VirtualMachine-vm-18294","LWEBALV001","16384","8",
"VirtualMachine-vm-9837","LWEBDEV041","16384","8",
"VirtualMachine-vm-4099","LWEBLUV001","16384","4",
"VirtualMachine-vm-13376","LWEBDEV033","16384","8",
"VirtualMachine-vm-4105","LWEBROV001","16384","8",
"VirtualMachine-vm-7994","LWEBDEV049","16384","8",
"VirtualMachine-vm-6496","LWEBFAV011","16384","8",
"VirtualMachine-vm-17406","DWEBFRV001","8192","2",
"VirtualMachine-vm-4500","LWEBDEV025","16384","8",
"VirtualMachine-vm-4089","LWEBITV003","16384","4",
"VirtualMachine-vm-13140","LWEBPLV001","16384","8",
"VirtualMachine-vm-3456","LWEBSMV007","4096","2",
"VirtualMachine-vm-5292","LWEBLDV001","16384","8",
"VirtualMachine-vm-18425","RWEBPLV001","16384","4",
"VirtualMachine-vm-18437","RWEBLUV002","16384","4",
"VirtualMachine-vm-4914","LWEBESV001","16384","4",
"VirtualMachine-vm-4918","LWEBFRV001","16384","4",
"VirtualMachine-vm-3944","LWEBFAV001","16384","8",
"VirtualMachine-vm-3480","LWEBSMV009","4096","2",
"VirtualMachine-vm-7988","LWEBDEV045","16384","8",
"VirtualMachine-vm-4506","LWEBDEV031","16384","8",
"VirtualMachine-vm-4916","LWEBESV003","16384","4",
"VirtualMachine-vm-18182","DWEBLUV001","16384","4",
"VirtualMachine-vm-18282","DWEBAPV002","16384","8",
"VirtualMachine-vm-4504","LWEBDEV029","16384","8",
"VirtualMachine-vm-13380","LWEBDEV037","16384","8",
"VirtualMachine-vm-17294","DAPPPJV002","16384","8",
"VirtualMachine-vm-18184","DWEBNLV001","16384","4",
"VirtualMachine-vm-18398","RWEBBEV001","16384","4",
"VirtualMachine-vm-4485","LWEBDEV023","16384","8",
"VirtualMachine-vm-13228","LWEBDEV007","16384","8",
"VirtualMachine-vm-5088","LWEBLUV003","16384","8",
"VirtualMachine-vm-13142","LWEBPLV003","16384","8",
"VirtualMachine-vm-15430","LWEBATV003","16384","4",
"VirtualMachine-vm-4249","LWEBROV003","16384","8",
"VirtualMachine-vm-4920","LWEBFRV003","16384","4",
"VirtualMachine-vm-18293","RWEBALV002","16384","8",
"VirtualMachine-vm-3417","LWEBSMV003","4096","2",
"VirtualMachine-vm-18198","DWEBROV002","16384","4",
"VirtualMachine-vm-4502","LWEBDEV027","16384","8",
"VirtualMachine-vm-13219","LWEBDEV001","16384","8",
"VirtualMachine-vm-18441","RWEBTSV001","4096","2",
"VirtualMachine-vm-18179","DWEBDTV001","16384","8",
"VirtualMachine-vm-18277","CWEBAPV001","16384","8",
"VirtualMachine-vm-18288","RWEBAPV002","16384","8",
"VirtualMachine-vm-18291","LWEBAPV003","16384","8",
"VirtualMachine-vm-18296","RWEBALV001","16384","8",
"VirtualMachine-vm-17426","DWEBSMV004","4096","2",
"VirtualMachine-vm-4094","LWEBITV008","16384","8",
"VirtualMachine-vm-13227","LWEBDEV006","16384","8",
"VirtualMachine-vm-18403","RWEBROV001","16384","4",
"VirtualMachine-vm-18421","RWEBFRV001","8192","2",
"VirtualMachine-vm-17399","DWEBDEV002","8192","2",
"VirtualMachine-vm-17400","DWEBDIV001","16384","8",
"VirtualMachine-vm-17401","DWEBDIV002","16384","8",
"VirtualMachine-vm-18399","RWEBNLV001","16384","4",
"VirtualMachine-vm-18200","DWEBSEV001","16384","4",
"VirtualMachine-vm-4092","LWEBITV006","16384","8",
"VirtualMachine-vm-13222","LWEBDEV004","16384","8",
"VirtualMachine-vm-18436","RWEBLDV002","8192","2",
"VirtualMachine-vm-17403","DWEBESV002","8192","2",
"VirtualMachine-vm-24005","LWEBERV001","16384","8",
"VirtualMachine-vm-18172","DWEBATV002","16384","4",
"VirtualMachine-vm-9838","LWEBDEV042","16384","8",
"VirtualMachine-vm-4505","LWEBDEV030","16384","8",
"VirtualMachine-vm-3539","LWEBSMV004","4096","2",
"VirtualMachine-vm-7991","LWEBDEV046","16384","8",
"VirtualMachine-vm-18416","RWEBATV001","16384","4",
"VirtualMachine-vm-18424","RWEBLUV001","16384","4",
"VirtualMachine-vm-18430","RWEBDEV002","8192","2",
"VirtualMachine-vm-18417","RWEBBGV001","16384","4",
"VirtualMachine-vm-17404","DWEBFAV001","8192","2",
"VirtualMachine-vm-18176","DWEBBEV002","16384","4",
"VirtualMachine-vm-18401","RWEBBEV002","16384","4",
"VirtualMachine-vm-3501","LWEBSMV008","4096","2",
"VirtualMachine-vm-4088","LWEBITV002","16384","4",
"VirtualMachine-vm-4503","LWEBDEV028","16384","8",
"VirtualMachine-vm-18405","RWEBSEV001","16384","4",
"VirtualMachine-vm-18429","RWEBBGV002","16384","4",
"VirtualMachine-vm-18431","RWEBESV002","8192","2",
"VirtualMachine-vm-18434","RWEBFRV002","8192","2",
"VirtualMachine-vm-18418","RWEBESV001","8192","2",
"VirtualMachine-vm-18174","DWEBBEV001","16384","4",
"VirtualMachine-vm-17411","DWEBLDV001","8192","2",
"VirtualMachine-vm-4482","LWEBDEV020","16384","8",
"VirtualMachine-vm-4501","LWEBDEV026","16384","8",
"VirtualMachine-vm-3566","LWEBSMV010","4096","2",
"VirtualMachine-vm-13220","LWEBDEV002","16384","8",
"VirtualMachine-vm-17398","DWEBDEV001","8192","2",
"VirtualMachine-vm-18171","DWEBATV001","16384","4",
"VirtualMachine-vm-18178","DWEBBGV002","16384","4",
"VirtualMachine-vm-18290","LWEBAPV002","16384","8",
"VirtualMachine-vm-18315","MBPC08V002","4096","1",
"VirtualMachine-vm-18400","RWEBNLV002","16384","4",
"VirtualMachine-vm-17410","DWEBITV002","8192","2",
"VirtualMachine-vm-17421","DWEBSMV001","4096","2",
"VirtualMachine-vm-17425","DWEBSMV003","8192","2",
"VirtualMachine-vm-4114","LWEBBEV002","16384","8",
"VirtualMachine-vm-7971","LWEBDEV014","16384","8",
"VirtualMachine-vm-7973","LWEBDEV016","16384","8",
"VirtualMachine-vm-7995","LWEBDEV050","16384","8",
"VirtualMachine-vm-18422","RWEBITV001","8192","2",
"VirtualMachine-vm-18442","RWEBTSV002","4096","2",
"VirtualMachine-vm-18280","DWEBALV002","16384","8",
"VirtualMachine-vm-18292","LWEBAPV004","16384","8",
"VirtualMachine-vm-17412","DWEBLDV002","8192","2",
"VirtualMachine-vm-3545","LWEBSMV006","4096","2",
"VirtualMachine-vm-13379","LWEBDEV036","16384","8",
"VirtualMachine-vm-7975","LWEBDEV018","16384","8",
"VirtualMachine-vm-18420","RWEBFAV001","8192","2",
"VirtualMachine-vm-23041","LWEBERV008","16384","8",
"VirtualMachine-vm-18177","DWEBBGV001","16384","4",
"VirtualMachine-vm-26301","DWEBLUV002","16384","4",
"VirtualMachine-vm-17422","DWEBSMV002","4096","2",
"VirtualMachine-vm-17428","DWEBTSV001","2048","1",
"VirtualMachine-vm-4100","LWEBLUV002","16384","4",
"VirtualMachine-vm-5766","LWEBFAV002","16384","8",
"VirtualMachine-vm-13229","LWEBDEV008","16384","8",
"VirtualMachine-vm-18185","DWEBNLV002","16384","4",
"VirtualMachine-vm-4486","LWEBDEV024","16384","8",
"VirtualMachine-vm-5085","LWEBBGV004","16384","8",
"VirtualMachine-vm-9836","LWEBDEV040","16384","8",
"VirtualMachine-vm-18196","DWEBPLV002","16384","4",
"VirtualMachine-vm-3515","LWEBSMV002","4096","2",
"VirtualMachine-vm-13377","LWEBDEV034","16384","8",
"VirtualMachine-vm-5116","LWEBROV006","16384","8",
"VirtualMachine-vm-13145","LWEBPLV006","16384","8",
"VirtualMachine-vm-6497","LWEBFAV012","16384","8",
"VirtualMachine-vm-4915","LWEBESV002","16384","4",
"VirtualMachine-vm-4921","LWEBFRV004","16384","4",
"VirtualMachine-vm-18195","DWEBPLV001","16384","4",
"VirtualMachine-vm-13141","LWEBPLV002","16384","8",
"VirtualMachine-vm-4106","LWEBROV002","16384","8",
"VirtualMachine-vm-4112","LWEBSEV002","16384","4",
"VirtualMachine-vm-7993","LWEBDEV048","16384","8",
"VirtualMachine-vm-18745","LWEBALV002","16384","8",
"VirtualMachine-vm-4546","LWEBBEV004","16384","8",
"VirtualMachine-vm-23036","LWEBERV003","16384","8",
"VirtualMachine-vm-23038","LWEBERV005","16384","8",
"VirtualMachine-vm-9840","LWEBDEV044","16384","8",
"VirtualMachine-vm-4096","LWEBATV002","16384","4",
"VirtualMachine-vm-4098","LWEBBGV002","16384","4",
"VirtualMachine-vm-4116","LWEBNLV002","16384","4",
"VirtualMachine-vm-23040","LWEBERV007","16384","8",
"VirtualMachine-vm-5345","LWEBLDV002","16384","8",
"VirtualMachine-vm-6495","LWEBFAV010","16384","8",
"VirtualMachine-vm-18284","RWEBAPV001","16384","8",
"VirtualMachine-vm-9834","LWEBDEV038","16384","8",
"VirtualMachine-vm-4091","LWEBITV005","16384","8",
"VirtualMachine-vm-4481","LWEBDEV019","16384","8",
"VirtualMachine-vm-7969","LWEBDEV011","16384","8",
"VirtualMachine-vm-18278","DWEBALV001","16384","8",
"VirtualMachine-vm-18279","DWEBAPV001","16384","8",
"VirtualMachine-vm-18402","RWEBPLV002","16384","4",
"VirtualMachine-vm-5770","LWEBLDV003","16384","8",
"VirtualMachine-vm-7974","LWEBDEV017","16384","8",
"VirtualMachine-vm-15498","LWEBROV005","16384","8",
"VirtualMachine-vm-4251","LWEBNLV001","16384","4",
"VirtualMachine-vm-4267","LWEBFAV005","16384","8",
"VirtualMachine-vm-18063","LWEBPLV007","16384","8",
"VirtualMachine-vm-18289","LWEBAPV001","16384","8",
"VirtualMachine-vm-3372","LWEBSMV005","4096","2",
"VirtualMachine-vm-5769","LWEBSEV003","16384","8",
"VirtualMachine-vm-18404","RWEBROV002","16384","4",
"VirtualMachine-vm-18432","RWEBFAV002","8192","2",
"VirtualMachine-vm-6493","LWEBFAV009","16384","8",
"VirtualMachine-vm-18064","LWEBROV007","16384","8",
"VirtualMachine-vm-18201","DWEBSEV002","16384","4",
"VirtualMachine-vm-3389","LWEBSMV001","4096","2",
"VirtualMachine-vm-9835","LWEBDEV039","16384","8",
"VirtualMachine-vm-17409","DWEBITV001","8192","2",
"VirtualMachine-vm-4087","LWEBITV001","16384","4",
"VirtualMachine-vm-4097","LWEBBGV001","16384","4",
"VirtualMachine-vm-4113","LWEBBEV001","16384","8",
"VirtualMachine-vm-4244","LWEBATV001","16384","4",
"VirtualMachine-vm-18428","RWEBATV002","16384","4",
"VirtualMachine-vm-23039","LWEBERV006","16384","8",
"VirtualMachine-vm-24006","LWEBERV002","16384","8",
"VirtualMachine-vm-9839","LWEBDEV043","16384","8",
"VirtualMachine-vm-4090","LWEBITV004","16384","4",
"VirtualMachine-vm-4484","LWEBDEV022","16384","8",
"VirtualMachine-vm-4507","LWEBDEV032","16384","8",
"VirtualMachine-vm-19289","LWEBICV002","8192","8",
"VirtualMachine-vm-23037","LWEBERV004","16384","8",
"VirtualMachine-vm-17407","DWEBFRV002","8192","2",
"VirtualMachine-vm-4919","LWEBFRV002","16384","4",
"VirtualMachine-vm-18065","LWEBROV008","16384","8",
"VirtualMachine-vm-18197","DWEBROV001","16384","4",
"VirtualMachine-vm-13230","LWEBDEV010","16384","8",
"VirtualMachine-vm-5087","LWEBLDV004","16384","8",
"VirtualMachine-vm-5093","LWEBSEV004","16384","8",
"VirtualMachine-vm-7982","LWEBDEV012","16384","8",
"VirtualMachine-vm-18419","RWEBDEV001","8192","2",
"VirtualMachine-vm-4335","LWEBFAV006","16384","8",
"VirtualMachine-vm-4917","LWEBESV004","16384","4",
"VirtualMachine-vm-18066","LWEBPLV008","16384","8",
"VirtualMachine-vm-4803","LWEBATV004","16384","4",
"VirtualMachine-vm-4108","LWEBROV004","16384","8",
"VirtualMachine-vm-5089","LWEBLUV004","16384","8",
"VirtualMachine-vm-13143","LWEBPLV004","16384","8",
"VirtualMachine-vm-4544","LWEBNLV004","16384","8",
"VirtualMachine-vm-18435","RWEBITV002","8192","2",
"VirtualMachine-vm-6491","LWEBFAV008","16384","8",
"VirtualMachine-vm-17405","DWEBFAV002","8192","2",
"VirtualMachine-vm-4313","LWEBFAV004","16384","8",
"VirtualMachine-vm-17424","DWEBTSV002","2048","1",
